latitude,longitude,city,locality,property_type,area_sqft,price,price_per_sqft,bedrooms,bathrooms,property_age,schools_nearby,hospitals_nearby,markets_nearby,malls_nearby,parks_nearby,banks_nearby,restaurants_nearby,metro_distance_km,railway_distance_km,airport_distance_km,highway_distance_km,major_road_distance_km,commercial_score,development_score,data_source
26.486266,80.406359,Kanpur,Civil Lines,Independent House,805.0,4541810,5642,2,1,1,3.0,9,6,4,0,8,2,6.828,6.676,9.111,5.416,6.19,0.597,0.518,synthetic_demo
26.380895,80.388883,Kanpur,Kidwai Nagar,Independent House,885.0,3472740,3924,2,1,9,1.0,4,2,1,0,2,3,9.091,6.92,3.361,4.884,8.761,0.248,0.246,synthetic_demo
26.427332,80.25862,Kanpur,Panki,Apartment,1089.0,4071771,3739,2,1,17,0.0,2,2,4,0,8,4,7.503,4.167,15.299,6.893,5.702,0.542,0.089,synthetic_demo
26.514753,80.343101,Kanpur,Swaroop Nagar,Plot,-50.0,2266456,3928,0,0,0,0.0,2,5,1,1,5,8,4.427,6.788,13.966,5.094,3.917,0.434,0.24,synthetic_demo
26.484132,80.210107,Kanpur,IIT Kanpur,Apartment,1030.0,2553370,2479,2,1,16,0.0,3,2,0,0,2,1,3.843,4.558,21.796,2.679,8.068,0.144,0.116,synthetic_demo
26.535919,80.344722,Kanpur,Swaroop Nagar,Builder Floor,644.0,2769200,4300,1,1,11,1.0,3,4,2,1,1,2,6.704,9.123,16.007,7.344,5.936,0.343,0.331,synthetic_demo
26.412708,80.359167,Kanpur,Kidwai Nagar,Apartment,829.0,4489864,5416,2,1,7,2.0,3,8,2,1,9,7,4.724,2.963,5.156,3.932,4.191,0.591,0.421,synthetic_demo
26.521108,80.235526,Kanpur,IIT Kanpur,Apartment,1143.0,4271391,3737,3,2,5,1.0,3,0,1,1,2,5,1.009,6.511,21.689,2.034,6.095,0.209,0.33,synthetic_demo
26.488752,80.370607,Kanpur,Civil Lines,Apartment,1486.0,7960502,5357,3,2,15,3.0,13,13,3,0,6,6,4.472,4.384,10.17,3.702,3.226,0.664,0.613,synthetic_demo
95.0,80.283091,Kanpur,Kalyanpur,Builder Floor,723.0,3485583,4821,2,1,19,0.0,5,5,0,2,8,7,3.471,7.854,18.685,4.406,3.618,0.42,0.425,synthetic_demo
26.405534,80.387758,Kanpur,Juhi,Apartment,1389.0,6929721,4989,3,2,11,3.0,4,5,2,1,4,6,6.687,4.41,2.229,2.86,6.276,0.457,0.493,synthetic_demo
26.48286,80.346739,Kanpur,Arya Nagar,Independent House,1150.0,7770550,6757,3,2,16,6.0,9,15,2,1,11,20,2.134,3.223,10.766,2.03,0.86,0.761,0.792,synthetic_demo
26.448425,80.222242,Kanpur,Panki,Plot,692.0,2271836,3283,0,0,0,1.0,1,3,2,0,2,1,7.202,3.261,19.336,5.963,8.56,0.326,0.15,synthetic_demo
26.431071,80.401038,Kanpur,Juhi,Independent House,1063.0,5917721,5567,2,1,13,2.0,5,8,0,1,9,6,5.864,3.792,3.1,0.157,5.243,0.493,0.456,synthetic_demo
26.540641,80.407901,Kanpur,Civil Lines,Builder Floor,1008.0,3632832,3604,2,1,16,3.0,1,4,0,0,4,4,10.721,11.236,15.151,10.504,9.68,0.288,0.33,synthetic_demo
26.473896,80.241527,Kanpur,Panki,Independent House,1027.0,5040516,4908,2,1,5,3.0,3,1,2,1,6,4,3.843,1.386,18.477,2.654,5.413,0.381,0.476,synthetic_demo
26.443969,80.29452,Kanpur,Govind Nagar,Apartment,1382.0,6937640,5020,3,2,29,1.0,4,10,5,0,7,4,3.659,2.954,12.322,3.926,1.681,0.69,0.379,synthetic_demo
26.473098,80.274098,Kanpur,Kakadeo,Independent House,1349.0,6491388,0,3,2,26,6.0,2,6,4,0,5,4,2.998,2.603,15.547,1.611,2.887,0.573,0.588,synthetic_demo
26.38516,80.228265,Kanpur,Barra,Plot,989.0,3614795,3655,0,0,0,4.0,3,6,2,0,1,3,12.925,9.03,18.237,12.316,10.855,0.402,0.451,synthetic_demo
26.469036,80.400746,Kanpur,Gwaltoli,Apartment,884.0,4445636,5029,2,1,8,6.0,8,8,1,0,1,2,5.51,4.953,7.247,3.544,4.852,0.381,0.655,synthetic_demo
26.468247,80.376007,Kanpur,Civil Lines,Plot,1320.0,6912840,5237,0,0,0,3.0,12,14,2,5,8,14,3.207,3.052,7.869,2.031,2.586,0.702,0.817,synthetic_demo
26.38088,80.373185,Kanpur,Kidwai Nagar,Independent House,1205.0,4041570,3354,3,2,20,1.0,4,4,1,0,1,3,8.509,6.527,4.512,5.886,7.828,0.285,0.247,synthetic_demo
26.518594,80.203282,Kanpur,IIT Kanpur,Builder Floor,894.0,2246622,2513,2,1,28,1.0,3,1,0,0,1,2,2.934,7.646,24.189,1.162,8.992,0.095,0.215,synthetic_demo
26.418492,80.24566,Kanpur,Panki,Apartment,1479.0,4805271,3249,3,2,15,0.0,4,3,2,0,6,4,9.124,5.079,16.451,8.258,7.299,0.429,0.152,synthetic_demo
26.541181,80.331867,Kanpur,Vikas Nagar,Apartment,1152.0,5186304,4502,3,2,2,0.0,3,5,2,1,1,5,6.526,9.857,17.087,7.446,5.715,0.396,0.247,synthetic_demo
26.546667,80.31857,Kanpur,Vikas Nagar,Builder Floor,1040.0,3633760,3494,2,1,28,1.0,3,5,2,0,4,2,6.31,10.763,18.255,7.555,5.787,0.423,0.223,synthetic_demo
26.478711,80.298129,Kanpur,Kakadeo,Independent House,833.0,5083799,6103,2,1,21,8.0,7,5,5,0,10,8,2.086,4.921,13.877,0.198,0.715,0.674,0.801,synthetic_demo
26.453099,80.319488,Kanpur,Govind Nagar,Plot,1105.0,6746025,6105,0,0,0,4.0,10,16,4,1,14,11,1.896,1.418,10.523,2.116,0.799,0.803,0.749,synthetic_demo
26.495,80.36493,Kanpur,Civil Lines,Builder Floor,1832.0,9330376,5093,4,3,27,7.0,10,13,2,1,6,5,4.311,4.801,11.032,4.055,3.115,0.623,0.769,synthetic_demo
26.447707,80.24667,Kanpur,Panki,Apartment,1963.0,7400510,3770,4,3,8,0.0,2,1,3,0,6,6,6.279,1.842,16.971,5.193,6.317,0.457,0.085,synthetic_demo
26.399109,80.338869,Kanpur,Barra,Builder Floor,661.0,2480733,3753,1,1,27,2.0,0,6,1,0,2,3,6.171,4.888,7.119,6.335,4.607,0.359,0.235,synthetic_demo
26.432132,80.421111,Kanpur,Juhi,Builder Floor,1091.0,4324724,3964,2,1,12,2.0,6,6,0,0,4,4,7.674,5.737,3.273,1.527,7.02,0.343,0.385,synthetic_demo
26.390517,80.294649,Kanpur,Barra,Independent House,746.0,2544606,3411,2,1,19,1.0,2,6,0,0,1,6,8.835,6.329,11.602,9.425,6.509,0.302,0.188,synthetic_demo
26.399245,80.410072,Kanpur,Juhi,Independent House,1087.0,4232778,3894,2,1,26,2.0,3,4,2,0,4,5,8.676,6.371,0.573,1.972,8.174,0.426,0.304,synthetic_demo
26.387931,80.206966,Kanpur,Panki,Apartment,1109.0,4624530,4170,2,1,15,4.0,2,4,2,0,1,1,13.897,9.482,20.315,12.765,12.356,0.333,0.429,synthetic_demo
26.411876,80.330423,Kanpur,Barra,Apartment,678.0,3459834,5103,2,1,3,2.0,2,6,1,0,4,5,5.0,3.301,7.979,5.682,3.11,0.414,0.327,synthetic_demo
26.383583,80.271431,Kanpur,Barra,Plot,1471.0,5255883,3573,0,0,0,1.0,1,5,2,1,0,4,10.627,8.256,14.005,10.987,8.29,0.369,0.268,synthetic_demo
26.491864,80.340473,Kanpur,Swaroop Nagar,Apartment,1487.0,9736876,6548,3,2,4,3.0,10,12,2,1,15,11,2.11,4.311,11.943,2.633,1.534,0.726,0.676,synthetic_demo
26.516283,80.420816,Kanpur,Civil Lines,Independent House,737.0,3281124,4452,2,1,17,1.0,2,3,2,2,1,4,10.024,9.895,12.486,8.95,9.081,0.336,0.394,synthetic_demo
26.399162,80.344121,Kanpur,Barra,Independent House,619.0,2196831,3549,1,1,10,2.0,0,4,1,0,2,1,6.11,4.852,6.597,6.024,4.73,0.285,0.233,synthetic_demo
26.515512,80.229702,Kanpur,IIT Kanpur,Independent House,1115.0,4335120,3888,2,1,14,2.0,5,1,0,1,0,8,0.396,6.074,21.798,1.253,6.382,0.148,0.45,synthetic_demo
26.488587,80.340147,Kanpur,Swaroop Nagar,Apartment,1313.0,8671052,6604,3,2,5,4.0,11,13,3,1,10,13,1.835,3.964,11.668,2.29,1.171,0.732,0.739,synthetic_demo
26.520061,80.384808,Kanpur,Civil Lines,Apartment,775.0,3995125,5155,2,1,9,4.0,7,7,2,0,6,6,7.491,8.13,13.105,7.426,6.446,0.528,0.536,synthetic_demo
26.407457,80.206142,Kanpur,Panki,Independent House,2235.0,7002255,3133,5,4,26,0.0,2,6,2,0,2,3,11.971,7.655,20.316,10.768,11.373,0.42,0.077,synthetic_demo
26.540617,80.287244,Kanpur,Vikas Nagar,Apartment,662.0,2399088,3624,1,1,29,1.0,4,4,0,1,4,2,4.877,9.291,19.467,5.845,4.941,0.267,0.364,synthetic_demo
26.444699,80.230756,Kanpur,Panki,Independent House,1648.0,5642752,3424,4,3,19,0.0,2,2,1,0,3,6,7.18,2.877,18.412,6.055,7.92,0.302,0.08,synthetic_demo
26.443193,80.32409,Kanpur,Govind Nagar,Apartment,353.0,2541247,7199,1,1,25,3.0,9,13,2,1,13,11,2.667,0.244,9.59,2.903,0.663,0.721,0.715,synthetic_demo
26.507964,80.333183,Kanpur,Swaroop Nagar,Apartment,1634.0,7821958,4787,4,3,13,2.0,7,7,1,1,8,5,3.408,6.224,13.829,4.047,2.739,0.501,0.535,synthetic_demo
26.402283,80.230638,Kanpur,Panki,Apartment,1458.0,4385664,3008,3,2,22,0.0,5,2,1,0,3,2,11.43,7.128,17.875,10.458,9.511,0.259,0.182,synthetic_demo
26.43209,80.391543,Kanpur,Juhi,Builder Floor,1613.0,6061654,3758,4,3,27,0.0,6,8,1,0,6,7,4.973,2.848,3.591,0.306,4.375,0.506,0.239,synthetic_demo
26.530267,80.286336,Kanpur,Vikas Nagar,Independent House,2010.0,7796790,3879,4,3,19,0.0,6,4,0,1,7,4,3.828,8.208,18.645,4.74,3.806,0.349,0.354,synthetic_demo
26.52038,80.355066,Kanpur,Swaroop Nagar,Apartment,1201.0,4740347,3947,3,2,21,3.0,3,5,1,1,4,3,5.529,7.4,14.012,6.104,4.92,0.372,0.479,synthetic_demo
26.508768,80.243893,Kanpur,IIT Kanpur,Apartment,1033.0,4290049,4153,2,1,6,0.0,5,2,0,0,5,5,1.258,5.015,20.21,1.044,4.805,0.263,0.201,synthetic_demo
26.401376,80.242382,Kanpur,Barra,Independent House,960.0,3161280,3293,2,1,22,1.0,5,1,2,1,2,1,10.65,7.005,16.707,10.146,8.623,0.27,0.376,synthetic_demo
26.549451,80.416011,Kanpur,Civil Lines,Independent House,1390.0,5414050,3895,3,2,18,1.0,1,8,0,0,6,5,11.972,12.492,16.14,11.742,10.941,0.437,0.148,synthetic_demo
26.411356,80.374684,Kanpur,Kidwai Nagar,Independent House,1867.0,9181906,4918,4,3,11,0.0,3,9,2,0,7,6,,3.253,3.611,3.148,5.107,0.577,0.131,synthetic_demo
26.444291,80.296547,Kanpur,Govind Nagar,Apartment,1928.0,10386136,5387,4,3,12,1.0,4,9,4,1,7,4,3.51,2.758,12.146,3.823,1.482,0.643,0.48,synthetic_demo
26.473165,80.365977,Kanpur,Civil Lines,Apartment,1493.0,8760924,5868,3,2,16,4.0,14,19,1,2,9,14,2.783,2.671,8.818,1.959,1.954,0.738,0.778,synthetic_demo
26.445863,80.231698,Kanpur,Panki,Independent House,630.0,2447550,3885,1,1,3,0.0,2,2,1,0,3,5,7.021,2.718,18.353,5.901,7.818,0.292,0.08,synthetic_demo
26.520305,80.411732,Kanpur,Civil Lines,Apartment,680.0,2698920,3969,2,1,4,2.0,4,0,1,0,2,3,9.726,9.61,12.889,8.781,8.54,0.185,0.331,synthetic_demo
26.399849,80.240666,Kanpur,Barra,Builder Floor,1176.0,3904320,3320,3,2,27,1.0,5,2,2,1,2,2,10.891,7.194,16.883,10.364,8.863,0.309,0.376,synthetic_demo
26.535453,80.249955,Kanpur,IIT Kanpur,Independent House,1025.0,3413250,3330,2,1,22,1.0,2,2,1,0,3,2,3.106,7.945,21.598,4.02,5.911,0.259,0.191,synthetic_demo
26.385535,80.272176,Kanpur,Barra,Apartment,1721.0,6608640,3840,4,3,7,0.0,1,4,2,1,0,5,10.399,8.042,13.897,10.759,8.064,0.353,0.175,synthetic_demo
26.549211,80.404401,Kanpur,Civil Lines,Plot,2178.0,7603398,3491,0,0,0,3.0,2,6,0,0,7,4,11.116,11.9,16.112,11.185,10.155,0.4,0.356,synthetic_demo
26.418621,80.228728,Kanpur,Panki,Apartment,1116.0,5220648,4678,2,1,13,2.0,5,5,2,0,4,4,9.914,5.472,18.132,8.829,8.814,0.44,0.357,synthetic_demo
26.409972,80.397909,Kanpur,Juhi,Builder Floor,922.0,4393330,4765,2,1,4,2.0,4,6,2,0,3,4,6.976,4.671,1.363,1.836,6.481,0.446,0.335,synthetic_demo
26.469579,80.265079,Kanpur,Panki,Builder Floor,1085.0,5834045,5377,2,1,20,5.0,2,4,4,1,4,3,3.607,1.624,16.156,2.288,3.809,0.516,0.584,synthetic_demo
26.447253,80.381887,Kanpur,Gwaltoli,Independent House,1353.0,7269669,5373,3,2,7,3.0,6,5,1,2,12,12,3.456,2.003,5.532,0.491,2.782,0.568,0.63,synthetic_demo
26.546531,80.416566,Kanpur,Civil Lines,Apartment,1484.0,5958260,4015,3,2,4,1.0,1,8,0,0,6,4,11.802,12.248,15.817,11.486,10.75,0.429,0.148,synthetic_demo
26.466101,80.314399,Kanpur,Rawatpur,Plot,867.0,6069000,7000,0,0,0,2.0,6,13,5,2,10,4,0.505,2.95,11.742,0.944,0.118,0.748,0.737,synthetic_demo
26.481996,80.215272,Kanpur,Panki,Apartment,730.0,2399510,3287,2,1,25,0.0,4,2,1,0,4,0,3.788,3.994,21.23,2.722,7.605,0.259,0.151,synthetic_demo
26.520927,80.375046,Kanpur,Civil Lines,Independent House,1623.0,6988638,4306,4,3,26,1.0,5,8,1,0,6,3,6.827,7.855,13.419,7.064,5.892,0.475,0.282,synthetic_demo
26.505066,80.269378,Kanpur,Kalyanpur,Apartment,1050.0,4858350,4627,2,1,23,2.0,2,5,0,3,5,7,0.635,4.957,17.932,1.541,2.286,0.366,0.594,synthetic_demo
26.481429,80.27577,Kanpur,Kakadeo,Plot,1029.0,5025636,4884,0,0,0,4.0,2,4,3,1,3,6,2.152,3.215,15.882,0.689,2.136,0.473,0.574,synthetic_demo
26.395564,80.422048,Kanpur,Juhi,Builder Floor,1170.0,5362110,4583,3,2,4,1.0,3,4,2,0,7,4,9.828,7.533,1.543,1.522,9.298,0.467,0.214,synthetic_demo
26.516305,80.361654,Kanpur,Civil Lines,Builder Floor,719.0,3718668,5172,2,1,6,0.0,6,7,1,1,6,3,5.544,7.028,13.345,5.997,4.753,0.454,0.34,synthetic_demo
26.497661,80.392063,Kanpur,Civil Lines,Apartment,1356.0,6957636,5131,3,2,13,1.0,10,7,3,1,4,4,6.542,6.424,10.524,5.606,5.566,0.532,0.496,synthetic_demo
26.473789,80.376909,Kanpur,Civil Lines,Apartment,2673.0,16644771,6227,5,4,23,4.0,11,12,3,5,8,14,3.623,3.482,8.394,2.581,2.951,0.708,0.827,synthetic_demo
26.459674,80.294086,Kanpur,Kakadeo,Independent House,962.0,7244822,7531,2,1,0,5.0,6,9,5,0,5,7,2.554,3.63,13.085,2.312,1.834,0.672,0.638,synthetic_demo
26.394409,80.329442,Kanpur,Barra,Builder Floor,763.0,3176369,4163,2,1,18,2.0,1,8,1,0,2,6,6.879,5.209,8.11,7.306,5.041,0.434,0.26,synthetic_demo
26.487282,80.326672,Kanpur,Swaroop Nagar,Apartment,989.0,6823111,6899,2,1,1,3.0,10,9,3,3,17,8,1.034,4.358,12.407,1.677,0.488,0.725,0.807,synthetic_demo
26.413243,80.402099,Kanpur,Juhi,Apartment,644.0,2748592,4268,1,1,25,3.0,3,9,2,1,1,5,7.039,4.753,1.266,1.291,6.508,0.486,0.472,synthetic_demo
26.474088,80.385621,Kanpur,Civil Lines,Builder Floor,1858.0,9745210,5245,4,3,22,6.0,9,9,3,3,7,11,,4.208,8.123,3.116,3.734,0.645,0.794,synthetic_demo
26.495276,80.347621,Kanpur,Swaroop Nagar,Apartment,1351.0,7824992,5792,3,2,8,3.0,7,12,1,0,11,5,2.884,4.595,11.866,3.289,2.056,0.627,0.547,synthetic_demo
26.444673,80.307323,Kanpur,Govind Nagar,Independent House,1120.0,7928480,7079,2,1,11,0.0,7,14,2,1,9,6,2.976,1.71,11.171,3.41,0.647,0.674,0.559,synthetic_demo
26.520559,80.287621,Kanpur,Vikas Nagar,Independent House,1382.0,5241926,3793,3,2,28,0.0,5,6,0,3,7,2,2.741,7.319,17.762,3.778,2.726,0.381,0.526,synthetic_demo
26.385846,80.289654,Kanpur,Barra,Independent House,645.0,2293620,3556,1,1,13,0.0,2,6,0,1,0,6,9.549,7.022,12.173,10.113,7.214,0.281,0.209,synthetic_demo
26.493006,80.355864,Kanpur,Civil Lines,Builder Floor,829.0,5824554,7026,2,1,3,5.0,8,16,1,1,9,7,3.409,4.379,11.235,3.444,2.292,0.672,0.699,synthetic_demo
26.429797,80.299071,Kanpur,Barra,Plot,625.0,2743750,4390,0,0,0,2.0,5,4,2,2,7,4,4.814,2.777,11.412,5.239,2.485,0.467,0.574,synthetic_demo
26.443177,80.333728,Kanpur,Govind Nagar,Plot,1198.0,7044240,5880,0,0,0,1.0,11,10,2,0,12,5,1.862,0.998,8.742,2.463,0.262,0.645,0.655,synthetic_demo
26.425373,80.403412,Kanpur,Juhi,Builder Floor,765.0,3498345,4573,2,1,5,1.0,4,9,1,1,5,3,6.369,4.207,2.425,0.176,5.771,0.481,0.358,synthetic_demo
26.527315,80.271982,Kanpur,Kalyanpur,Builder Floor,689.0,3136328,4552,2,1,29,0.0,3,5,0,2,7,9,2.925,7.372,19.386,3.938,3.9,0.42,0.372,synthetic_demo
26.520688,80.308945,Kanpur,Vikas Nagar,Independent House,1790.0,7031120,3928,4,3,12,2.0,8,5,1,2,5,1,3.33,8.457,16.389,4.529,2.774,0.372,0.615,synthetic_demo
26.472801,80.246308,Kanpur,Panki,Apartment,754.0,3079336,4084,2,1,24,3.0,3,1,2,1,6,5,3.693,1.045,17.994,2.603,5.053,0.39,0.478,synthetic_demo
26.50458,80.388009,Kanpur,Civil Lines,Apartment,956.0,4140436,4331,2,1,23,1.0,10,7,3,1,5,5,6.842,6.789,11.355,6.053,5.614,0.553,0.496,synthetic_demo
26.421848,80.347972,Kanpur,Kidwai Nagar,Apartment,1068.0,5067660,4745,2,1,26,1.0,4,9,3,1,14,9,3.575,2.487,6.484,3.764,2.69,0.703,0.411,synthetic_demo
26.469195,80.345133,Kanpur,Mall Road,Apartment,2114.0,15446998,7307,5,4,7,4.0,13,20,4,2,9,17,1.714,1.752,9.683,0.614,0.063,0.822,0.847,synthetic_demo
26.432023,80.258952,Kanpur,Panki,Apartment,848.0,3068912,3619,2,1,29,0.0,2,3,4,0,7,3,7.157,3.666,15.362,6.395,5.463,0.539,0.091,synthetic_demo
26.413247,80.231494,Kanpur,Panki,Apartment,1032.0,3230160,3130,2,1,23,1.0,4,3,1,0,3,2,10.386,5.937,17.815,9.291,8.819,0.288,0.245,synthetic_demo
26.536941,80.350968,Kanpur,Swaroop Nagar,Builder Floor,1194.0,3672744,3076,3,2,11,1.0,3,3,1,0,1,0,7.009,9.223,15.87,7.666,6.382,0.221,0.22,synthetic_demo
26.423691,80.300653,Kanpur,Barra,Builder Floor,992.0,3607904,3637,2,1,22,2.0,3,4,1,0,4,6,5.4,3.018,11.109,5.817,3.055,0.375,0.355,synthetic_demo
26.48877,80.231214,Kanpur,Panki,Apartment,948.0,3011796,3177,2,1,28,0.0,6,1,1,0,4,2,2.651,3.329,20.129,1.468,5.911,0.252,0.222,synthetic_demo
26.384385,80.24226,Kanpur,Barra,Apartment,722.0,2671400,3700,2,1,8,0.0,2,4,2,0,0,5,12.084,8.886,16.865,11.913,9.913,0.353,0.078,synthetic_demo
26.457889,80.237472,Kanpur,Panki,Apartment,943.0,3489100,3700,2,1,15,2.0,2,1,2,1,3,3,5.57,1.42,18.189,4.454,6.72,0.313,0.379,synthetic_demo
26.449073,80.296047,Kanpur,Govind Nagar,Independent House,1258.0,7228468,5746,3,2,5,2.0,5,10,3,0,3,5,3.125,2.924,12.396,3.344,1.394,0.579,0.492,synthetic_demo
26.531893,80.353714,Kanpur,Swaroop Nagar,Apartment,1183.0,4115657,3479,3,2,29,2.0,2,5,1,1,1,2,6.597,8.67,15.247,7.238,6.077,0.302,0.381,synthetic_demo
26.416351,80.419272,Kanpur,Juhi,Independent House,638.0,3433078,5381,1,1,18,4.0,5,8,1,1,4,4,8.239,6.053,1.613,0.068,7.641,0.451,0.566,synthetic_demo
26.385516,80.391118,Kanpur,Kidwai Nagar,Plot,652.0,2263744,3472,0,0,0,1.0,4,3,3,0,2,4,8.742,6.532,2.826,4.348,8.385,0.417,0.246,synthetic_demo
26.493218,80.356033,Kanpur,Civil Lines,Builder Floor,1209.0,7673523,6347,3,2,26,5.0,8,16,2,1,9,7,3.435,4.405,11.248,3.472,2.32,0.703,0.698,synthetic_demo
26.467189,80.204292,Kanpur,Panki,Independent House,863.0,3362248,3896,2,1,18,1.0,1,3,1,1,2,1,5.753,4.564,21.649,4.637,9.116,0.255,0.268,synthetic_demo
26.524752,80.373771,Kanpur,Civil Lines,Apartment,839.0,3762076,4484,2,1,12,2.0,5,7,0,0,6,5,7.044,8.221,13.863,7.381,6.167,0.414,0.362,synthetic_demo
26.431666,80.302929,Kanpur,Govind Nagar,Plot,987.0,4907364,4972,0,0,0,2.0,6,5,2,3,7,3,4.487,2.341,11.095,4.911,2.146,0.481,0.658,synthetic_demo
26.495679,80.396303,Kanpur,Civil Lines,Apartment,1079.0,5652881,5239,2,1,3,1.0,10,5,3,1,8,2,6.678,6.55,10.242,5.674,5.815,0.537,0.495,synthetic_demo
26.421731,80.23277,Kanpur,Panki,Independent House,813.0,3357690,4130,2,1,23,2.0,5,4,2,0,2,5,9.451,5.003,17.765,8.367,8.309,0.39,0.357,synthetic_demo
26.539667,80.261764,Kanpur,Kalyanpur,Independent House,1094.0,4225028,3862,2,1,6,0.0,2,2,1,0,3,2,4.194,8.495,21.077,4.866,5.587,0.259,0.09,synthetic_demo
26.39999,80.318689,Kanpur,Barra,Apartment,1397.0,6280912,4496,3,2,4,2.0,2,7,0,1,3,4,6.677,4.591,9.117,7.393,4.565,0.349,0.393,synthetic_demo
26.426624,80.375879,Kanpur,Juhi,Builder Floor,911.0,4986814,5474,2,1,25,3.0,5,9,2,2,8,9,4.12,1.815,4.21,1.709,3.674,0.607,0.598,synthetic_demo
26.457301,80.398342,Kanpur,Gwaltoli,Apartment,1082.0,4920936,4548,2,1,28,4.0,6,5,0,1,6,7,5.025,3.979,5.998,2.352,4.335,0.384,0.595,synthetic_demo
26.444304,80.366732,Kanpur,Juhi,Independent House,1031.0,6946878,6738,2,1,19,3.0,11,11,2,2,15,9,2.154,0.65,6.192,0.656,1.586,0.706,0.73,synthetic_demo
26.543695,80.364128,Kanpur,Swaroop Nagar,Apartment,799.0,2874802,3598,2,1,14,1.0,5,2,1,2,3,1,8.231,10.075,16.151,8.829,7.651,0.248,0.464,synthetic_demo
26.526181,80.303057,Kanpur,Vikas Nagar,Apartment,1307.0,5516847,4221,3,2,8,1.0,6,3,1,3,5,1,3.599,8.7,17.231,4.895,3.338,0.32,0.583,synthetic_demo
26.417316,80.262354,Kanpur,Barra,Apartment,799.0,3219171,4029,2,1,23,1.0,2,3,3,0,7,2,7.995,5.335,14.784,7.802,5.969,0.483,0.19,synthetic_demo
26.505591,80.412181,Kanpur,Civil Lines,Apartment,796.0,3865376,4856,2,1,13,2.0,6,2,4,2,6,2,8.586,8.453,11.254,7.488,7.735,0.498,0.543,synthetic_demo
26.392768,80.228721,Kanpur,Panki,Independent House,1516.0,4863328,3208,3,2,24,2.0,4,3,1,0,1,2,12.289,8.199,18.112,11.511,10.283,0.244,0.33,synthetic_demo
26.481118,80.399022,Kanpur,Civil Lines,Independent House,1125.0,5574375,4955,2,1,24,2.0,7,7,3,1,5,4,5.906,5.753,8.602,4.527,5.278,0.546,0.497,synthetic_demo
26.442731,80.37481,Kanpur,Juhi,Apartment,1146.0,6289248,5488,3,2,8,2.0,9,7,1,1,11,11,2.949,1.153,5.524,0.327,2.335,0.583,0.584,synthetic_demo
26.457036,80.422768,Kanpur,Gwaltoli,Apartment,844.0,3305948,3917,2,1,24,1.0,3,7,0,2,7,0,7.451,6.185,5.987,3.753,6.762,0.387,0.421,synthetic_demo
26.406074,80.218835,Kanpur,Panki,Builder Floor,1310.0,4992410,3811,3,2,17,1.0,4,5,2,0,3,3,11.575,7.15,19.05,10.473,10.306,0.414,0.245,synthetic_demo
26.435017,80.331358,Kanpur,Kidwai Nagar,Independent House,849.0,5275686,6214,2,1,17,1.0,8,7,1,0,12,9,2.683,0.99,8.548,3.373,0.567,0.583,0.573,synthetic_demo
26.47358,80.245573,Kanpur,Panki,Builder Floor,765.0,4802670,6278,2,1,5,2.0,3,1,2,1,6,5,3.654,1.153,18.097,2.547,5.074,0.39,0.412,synthetic_demo
26.518883,80.23107,Kanpur,IIT Kanpur,Builder Floor,2260.0,9290860,4111,5,4,4,1.0,5,0,1,1,0,6,0.705,6.387,21.901,1.65,6.392,0.173,0.38,synthetic_demo
26.425908,80.285624,Kanpur,Barra,Builder Floor,1391.0,7742306,5566,3,2,5,0.0,2,4,3,1,9,4,5.813,4.173,12.625,6.107,3.606,0.546,0.247,synthetic_demo
26.519041,80.412488,Kanpur,Civil Lines,Apartment,541.0,2053095,3795,1,1,16,2.0,4,0,2,0,2,3,9.669,9.551,12.75,8.712,8.528,0.263,0.331,synthetic_demo
26.534747,80.210183,Kanpur,IIT Kanpur,Apartment,976.0,3855200,3950,2,1,14,2.0,2,0,1,2,4,3,3.283,8.808,24.618,2.736,9.03,0.233,0.463,synthetic_demo
26.391929,80.239394,Kanpur,Barra,Builder Floor,976.0,3124176,3201,2,1,14,0.0,3,3,3,0,1,2,11.622,8.083,17.059,11.229,9.529,0.381,0.114,synthetic_demo
26.454407,80.232461,Kanpur,Panki,Apartment,2200.0,6663800,3029,5,4,22,1.0,2,2,2,0,3,2,6.153,2.046,18.541,4.989,7.351,0.33,0.185,synthetic_demo
26.517396,80.271513,Kanpur,Kalyanpur,Independent House,1131.0,4620135,4085,3,2,22,1.0,2,5,0,1,9,9,1.868,6.312,18.66,2.893,2.998,0.454,0.35,synthetic_demo
26.407593,80.304823,Kanpur,Barra,Independent House,1059.0,4240236,4004,2,1,14,1.0,2,5,1,0,3,2,6.717,4.177,10.491,7.282,4.375,0.343,0.207,synthetic_demo
26.428371,80.21205,Kanpur,Panki,Apartment,1089.0,4448565,4085,2,1,4,0.0,3,5,1,0,1,3,9.574,5.475,19.902,8.395,10.053,0.313,0.114,synthetic_demo
26.440607,80.334971,Kanpur,Kidwai Nagar,Apartment,868.0,5922364,6823,2,1,7,1.0,10,9,3,0,14,5,1.975,1.093,8.496,2.658,0.459,0.685,0.618,synthetic_demo
26.423492,80.293046,Kanpur,Barra,Independent House,945.0,4613490,4882,2,1,9,0.0,2,4,2,1,8,4,5.695,3.645,11.849,6.101,3.383,0.483,0.254,synthetic_demo
26.536072,80.271422,Kanpur,Kalyanpur,Independent House,1074.0,4493616,4184,2,1,13,0.0,2,4,1,1,4,1,3.86,8.293,20.122,4.827,4.802,0.326,0.225,synthetic_demo
26.48242,80.415186,Kanpur,Civil Lines,Apartment,1517.0,8181181,5393,3,2,4,4.0,5,9,3,0,11,6,7.397,7.02,8.69,5.586,6.77,0.66,0.497,synthetic_demo
26.402391,80.423711,Kanpur,Juhi,Independent House,1132.0,5654340,4995,3,2,4,3.0,3,2,2,0,4,3,9.475,7.206,1.374,0.835,8.916,0.359,0.382,synthetic_demo
26.395752,80.276257,Kanpur,Barra,Plot,1388.0,4740020,3415,0,0,0,1.0,1,4,2,0,1,6,9.199,6.922,13.365,9.558,6.877,0.381,0.153,synthetic_demo
26.483974,80.215422,Kanpur,Panki,Builder Floor,993.0,2981979,3003,2,1,27,0.0,4,2,0,0,4,1,3.585,4.096,21.306,2.512,7.549,0.193,0.151,synthetic_demo
26.505325,80.356082,Kanpur,Civil Lines,Plot,966.0,4126752,4272,0,0,0,4.0,8,8,1,1,7,6,4.265,5.741,12.444,4.663,3.42,0.513,0.636,synthetic_demo
26.449886,80.380161,Kanpur,Gwaltoli,Independent House,1917.0,9939645,5185,4,3,14,3.0,8,8,1,1,11,10,3.234,2.013,5.871,0.627,2.549,0.593,0.609,synthetic_demo
26.540272,80.41752,Kanpur,Civil Lines,Apartment,1281.0,4569327,3567,3,2,7,1.0,1,9,0,0,3,4,11.44,11.724,15.126,10.938,10.345,0.4,0.148,synthetic_demo
26.44371,80.374022,Kanpur,Juhi,Builder Floor,1404.0,8610732,6133,3,2,6,2.0,9,7,1,1,11,8,2.832,1.127,5.658,0.285,2.211,0.564,0.588,synthetic_demo
26.403769,80.214039,Kanpur,Panki,Independent House,1696.0,6880672,4057,4,3,11,1.0,4,4,2,0,2,3,12.002,7.594,19.527,10.878,10.848,0.372,0.245,synthetic_demo
26.516397,80.252924,Kanpur,Kalyanpur,Apartment,1038.0,4196634,4043,2,1,12,1.0,3,3,1,0,4,2,1.944,5.834,19.997,2.147,4.327,0.309,0.239,synthetic_demo
26.443611,80.274333,Kanpur,Panki,Builder Floor,720.0,3461040,4807,2,1,9,1.0,1,5,4,1,9,1,5.162,3.318,14.205,4.661,3.625,0.587,0.305,synthetic_demo
26.498513,80.373982,Kanpur,Civil Lines,Apartment,1136.0,6106000,5375,3,2,19,4.0,11,7,4,2,4,5,5.292,5.504,11.065,4.815,4.075,0.583,0.716,synthetic_demo
26.478253,80.258286,Kanpur,Panki,Apartment,2706.0,12149940,4490,5,4,1,3.0,2,2,2,1,4,4,2.701,1.787,17.202,1.623,3.72,0.369,0.473,synthetic_demo
26.406212,80.362514,Kanpur,Kidwai Nagar,Apartment,736.0,3616704,4914,2,1,9,0.0,3,6,2,3,5,3,5.507,3.649,4.744,4.319,4.946,0.47,0.447,synthetic_demo
26.414051,80.428045,Kanpur,Juhi,Apartment,527.0,2288234,4342,1,1,6,2.0,5,6,1,1,5,6,9.124,6.955,2.085,0.432,8.517,0.44,0.447,synthetic_demo
26.541512,80.20974,Kanpur,IIT Kanpur,Builder Floor,591.0,2661864,4504,1,1,8,1.0,3,0,1,2,4,4,3.904,9.504,25.103,3.484,9.445,0.244,0.418,synthetic_demo
26.435744,80.200985,Kanpur,Panki,Apartment,1372.0,4504276,3283,3,2,21,0.0,3,6,1,1,2,2,9.086,5.804,21.114,8.013,10.98,0.349,0.237,synthetic_demo
26.414422,80.276653,Kanpur,Barra,Apartment,1188.0,4900500,4125,3,2,6,0.0,2,4,3,0,7,5,7.371,5.564,13.337,7.608,5.151,0.525,0.095,synthetic_demo
26.41483,80.362944,Kanpur,Kidwai Nagar,Apartment,2626.0,12996074,4949,5,4,27,3.0,3,7,3,1,10,9,4.603,2.69,4.837,3.521,4.305,0.638,0.485,synthetic_demo
26.532607,80.346263,Kanpur,Swaroop Nagar,Apartment,1680.0,5584320,3324,4,3,12,2.0,2,4,2,1,0,3,6.398,8.748,15.608,7.054,5.721,0.333,0.383,synthetic_demo
26.384324,80.229018,Kanpur,Barra,Builder Floor,1744.0,8519440,4885,4,3,0,4.0,3,6,3,0,1,3,12.943,9.103,18.174,12.377,10.861,0.459,0.451,synthetic_demo
26.533477,80.277154,Kanpur,Kalyanpur,Apartment,2291.0,8552303,3733,5,4,19,0.0,3,4,0,2,6,4,3.737,8.184,19.522,4.756,4.337,0.33,0.364,synthetic_demo
26.473013,80.34212,Kanpur,Arya Nagar,Apartment,1058.0,7371086,6967,2,1,23,4.0,13,17,4,0,11,15,1.698,2.248,10.199,0.851,0.103,0.805,0.79,synthetic_demo
26.541879,80.38794,Kanpur,Civil Lines,Builder Floor,998.0,3276434,3283,2,1,6,0.0,4,3,0,0,3,1,9.404,10.483,15.445,9.711,8.525,0.201,0.15,synthetic_demo
26.391365,80.229689,Kanpur,Panki,Independent House,784.0,3286528,4192,2,1,0,2.0,4,5,1,0,0,1,12.33,8.326,18.027,11.623,10.304,0.27,0.33,synthetic_demo
26.456909,80.240723,Kanpur,Panki,Apartment,759.0,3761604,4956,2,1,9,1.0,2,1,2,1,2,3,5.523,1.214,17.847,4.444,6.542,0.292,0.301,synthetic_demo
26.527233,80.292582,Kanpur,Vikas Nagar,Apartment,1148.0,4640216,4042,3,2,29,0.0,6,3,1,3,8,3,3.482,8.209,17.983,4.642,3.463,0.396,0.527,synthetic_demo
26.455261,80.245898,Kanpur,Panki,Independent House,1081.0,4827746,4466,2,1,18,0.0,2,1,3,0,7,4,5.501,1.054,17.301,4.436,6.287,0.457,0.085,synthetic_demo
26.433849,80.264488,Kanpur,Panki,Plot,1114.0,5016342,4503,0,0,0,1.0,1,4,3,1,12,4,6.595,3.65,14.865,6.014,4.876,0.585,0.283,synthetic_demo
26.3878,80.427798,Kanpur,Juhi,Builder Floor,1405.0,5610165,3993,3,2,26,1.0,5,3,2,1,8,3,10.832,8.531,2.552,1.815,10.309,0.454,0.375,synthetic_demo
26.465698,80.300139,Kanpur,Kakadeo,Plot,859.0,5089575,5925,0,0,0,4.0,6,10,6,1,9,6,1.745,3.631,12.897,1.478,1.459,0.743,0.666,synthetic_demo
26.521785,80.343463,Kanpur,Swaroop Nagar,Independent House,879.0,4718472,5368,2,1,3,2.0,2,4,1,2,4,4,5.169,7.564,14.641,5.835,4.578,0.356,0.477,synthetic_demo
26.382384,80.360651,Kanpur,Kidwai Nagar,Apartment,1524.0,6076188,3987,3,2,6,1.0,3,4,2,0,1,2,8.062,6.304,5.5,6.557,7.066,0.343,0.218,synthetic_demo
26.471636,80.213098,Kanpur,Panki,Apartment,878.0,3118656,3552,2,1,9,0.0,3,3,1,0,2,2,4.928,3.77,20.991,3.871,8.123,0.267,0.115,synthetic_demo
26.383117,80.324216,Kanpur,Barra,Apartment,1112.0,4236720,3810,2,1,1,2.0,3,5,0,1,2,3,8.23,6.436,8.876,8.624,6.316,0.263,0.405,synthetic_demo
26.491657,80.23981,Kanpur,Panki,Plot,1499.0,6294301,4199,0,0,0,2.0,6,3,1,0,5,4,2.455,3.238,19.534,0.872,5.024,0.349,0.394,synthetic_demo
26.459116,80.397712,Kanpur,Gwaltoli,Apartment,1460.0,6921860,4741,3,2,17,4.0,6,3,0,1,6,8,4.981,4.033,6.208,2.478,4.294,0.343,0.595,synthetic_demo
26.436782,80.338598,Kanpur,Kidwai Nagar,Plot,1388.0,7903272,5694,0,0,0,2.0,9,7,2,0,11,11,2.131,1.527,7.979,2.868,0.928,0.623,0.603,synthetic_demo
26.472114,80.287186,Kanpur,Kakadeo,Apartment,1382.0,7215422,5221,3,2,8,1.0,3,5,4,1,6,7,2.671,3.81,14.369,1.261,2.009,0.587,0.421,synthetic_demo
26.485933,80.222446,Kanpur,Panki,Independent House,766.0,3359676,4386,2,1,13,0.0,5,2,2,0,6,0,,3.67,20.766,2.066,6.822,0.369,0.186,synthetic_demo
26.517124,80.240929,Kanpur,IIT Kanpur,Plot,799.0,2812480,3520,0,0,0,1.0,4,1,1,1,3,5,1.021,5.976,20.993,1.808,5.417,0.263,0.36,synthetic_demo
26.529239,80.343039,Kanpur,Swaroop Nagar,Builder Floor,1574.0,5647512,3588,3,2,29,1.0,4,4,2,2,0,3,5.944,8.393,15.403,6.594,5.232,0.333,0.45,synthetic_demo
26.429405,80.228953,Kanpur,Panki,Apartment,1345.0,4274410,3178,3,2,27,2.0,5,3,1,0,0,6,8.794,4.38,18.252,7.703,8.394,0.267,0.357,synthetic_demo
26.382254,80.260636,Kanpur,Barra,Apartment,803.0,2958252,3684,2,1,27,3.0,0,4,2,0,0,2,11.256,9.082,15.09,11.498,8.964,0.323,0.303,synthetic_demo
26.45179,80.298723,Kanpur,Govind Nagar,Apartment,1247.0,7081713,5679,3,2,11,2.0,6,11,5,0,4,4,2.722,2.788,12.279,2.97,1.141,0.674,0.533,synthetic_demo
26.45878,80.408018,Kanpur,Gwaltoli,Apartment,1539.0,6140610,3990,3,2,8,1.0,6,6,0,1,6,5,5.998,4.903,6.05,3.048,5.31,0.39,0.41,synthetic_demo
26.532052,80.290638,Kanpur,Vikas Nagar,Builder Floor,1119.0,4314864,3856,2,1,18,0.0,7,3,1,2,7,4,4.009,8.58,18.517,5.074,3.987,0.387,0.463,synthetic_demo
26.403262,80.427868,Kanpur,Juhi,Apartment,853.0,3115156,3652,2,1,20,2.0,4,2,2,0,4,5,9.751,7.499,1.774,0.496,9.179,0.378,0.331,synthetic_demo
26.382568,80.237122,Kanpur,Barra,Apartment,596.0,2092556,3511,1,1,16,1.0,2,4,3,1,0,4,12.561,9.145,17.4,12.279,10.412,0.405,0.296,synthetic_demo
26.434115,80.224989,Kanpur,Panki,Independent House,1382.0,4734732,3426,3,2,14,0.0,4,3,2,0,0,7,8.489,4.152,18.727,7.352,8.654,0.346,0.149,synthetic_demo
26.403416,80.32464,Kanpur,Barra,Builder Floor,1342.0,5341160,3980,3,2,26,1.0,2,9,1,0,3,5,6.087,4.18,8.512,6.778,4.08,0.465,0.213,synthetic_demo
26.466851,80.226253,Kanpur,Panki,Builder Floor,1009.0,4146990,4110,2,1,25,1.0,4,3,2,0,2,3,5.119,2.385,19.578,3.913,7.123,0.346,0.248,synthetic_demo
26.423687,80.428129,Kanpur,Juhi,Independent House,992.0,4364800,4400,2,1,24,3.0,5,9,0,0,8,3,8.661,6.609,2.797,1.257,8.024,0.475,0.43,synthetic_demo
26.409866,80.347114,Kanpur,Kidwai Nagar,Independent House,1147.0,6668658,5814,3,2,12,1.0,3,8,2,0,6,3,4.908,3.65,6.302,4.889,3.743,0.525,0.251,synthetic_demo
26.459668,80.306925,Kanpur,Rawatpur,Apartment,955.0,5554280,5816,2,1,25,3.0,5,12,5,1,10,4,1.525,2.683,11.971,1.869,0.614,0.738,0.67,synthetic_demo
26.44959,80.415148,Kanpur,Gwaltoli,Plot,965.0,3425750,3550,0,0,0,,4,4,0,2,6,3,6.703,5.227,5.05,2.64,6.015,0.32,0.509,synthetic_demo
26.482839,80.216986,Kanpur,Panki,Builder Floor,1430.0,5090800,3560,3,2,9,0.0,4,2,1,0,5,0,3.631,3.897,21.112,2.575,7.419,0.281,0.151,synthetic_demo
26.411527,80.284626,Kanpur,Barra,Apartment,735.0,3552255,4833,2,1,5,1.0,2,6,2,0,4,4,7.257,5.11,12.521,7.633,4.949,0.462,0.199,synthetic_demo
26.435906,80.331029,Kanpur,Kidwai Nagar,Apartment,628.0,4156732,6619,1,1,24,2.0,8,8,2,0,11,6,2.627,0.9,8.618,3.301,0.464,0.609,0.632,synthetic_demo
26.400203,80.40006,Kanpur,Juhi,Independent House,1016.0,4724400,4650,2,1,7,1.0,4,4,3,0,1,5,7.916,5.613,1.103,2.529,7.455,0.432,0.247,synthetic_demo
26.532119,80.219035,Kanpur,IIT Kanpur,Apartment,1100.0,3589300,3263,2,1,23,1.0,4,0,1,2,2,2,2.525,8.177,23.736,2.606,8.118,0.173,0.442,synthetic_demo
26.405069,80.31809,Kanpur,Barra,Apartment,879.0,3414036,3884,2,1,21,0.0,3,7,0,1,4,3,6.203,4.038,9.164,6.922,4.041,0.359,0.267,synthetic_demo
26.39003,80.336242,Kanpur,Barra,Plot,659.0,2452798,3722,0,0,0,1.0,2,7,1,0,2,3,7.209,5.797,7.528,7.303,5.56,0.384,0.193,synthetic_demo
26.396534,80.400907,Kanpur,Juhi,Builder Floor,1188.0,4367088,3676,3,2,22,0.0,4,3,3,0,2,4,8.282,5.984,1.266,2.787,7.831,0.417,0.151,synthetic_demo
26.527771,80.213178,Kanpur,IIT Kanpur,Independent House,1428.0,5015136,3512,3,2,8,2.0,3,1,0,0,2,4,2.52,7.982,23.925,1.99,8.419,0.148,0.304,synthetic_demo
26.480523,80.344408,Kanpur,Arya Nagar,Plot,1033.0,7154558,6926,0,0,0,4.0,11,17,4,0,12,19,1.854,2.998,10.697,1.693,0.52,0.822,0.739,synthetic_demo
26.44154,80.388142,Kanpur,Juhi,Builder Floor,1123.0,6286554,5598,2,1,7,3.0,5,6,1,1,10,10,4.23,2.42,4.673,0.344,3.579,0.546,0.535,synthetic_demo
26.49136,80.266667,Kanpur,Kalyanpur,Apartment,1759.0,7514448,4272,4,3,12,2.0,2,3,1,2,2,6,1.213,3.465,17.246,0.026,2.381,0.309,0.524,synthetic_demo
26.389059,80.301218,Kanpur,Barra,Apartment,856.0,2863320,3345,2,1,26,0.0,2,6,0,0,1,6,8.593,6.205,10.978,9.268,6.322,0.302,0.085,synthetic_demo
26.541726,80.277762,Kanpur,Kalyanpur,Apartment,545.0,1777245,3261,1,1,26,0.0,3,2,0,0,5,1,4.625,9.074,20.166,5.632,5.201,0.217,0.13,synthetic_demo
26.460051,80.38735,Kanpur,Gwaltoli,Builder Floor,2050.0,9999900,4878,5,4,26,5.0,7,6,0,1,9,11,3.975,3.299,6.59,1.958,3.293,0.491,0.666,synthetic_demo
26.401657,80.390992,Kanpur,Juhi,Apartment,2595.0,11719020,4516,5,4,3,2.0,3,5,2,1,4,5,7.225,4.946,1.927,2.984,6.81,0.448,0.403,synthetic_demo
26.394795,80.380853,Kanpur,Kidwai Nagar,Apartment,759.0,3279639,4321,2,1,18,3.0,2,4,2,1,3,5,7.351,5.194,3.103,4.214,7.036,0.408,0.449,synthetic_demo
26.431505,80.229409,Kanpur,Panki,Independent House,2496.0,8708544,3489,5,4,14,2.0,5,3,1,0,1,6,8.562,4.154,18.244,7.47,8.29,0.288,0.357,synthetic_demo
26.421959,80.293802,Kanpur,Barra,Builder Floor,1282.0,6857418,5349,3,2,3,2.0,2,4,2,1,7,3,5.82,3.677,11.745,6.234,3.496,0.459,0.41,synthetic_demo
26.407372,80.309787,Kanpur,Barra,Builder Floor,795.0,2798400,3520,2,1,29,0.0,3,4,0,1,4,3,6.431,3.998,9.996,7.076,4.132,0.277,0.265,synthetic_demo
26.535442,80.291735,Kanpur,Vikas Nagar,Apartment,1312.0,5328032,4061,3,2,2,0.0,7,3,1,1,6,3,4.389,8.964,18.738,5.463,4.364,0.359,0.37,synthetic_demo
26.537603,80.219504,Kanpur,IIT Kanpur,Apartment,1938.0,7257810,3745,4,3,4,1.0,4,0,1,3,3,1,3.046,8.729,24.069,3.196,8.394,0.185,0.519,synthetic_demo
26.533029,80.405535,Kanpur,Civil Lines,Plot,1077.0,3303159,3067,0,0,0,1.0,3,4,0,0,3,4,10.004,10.392,14.31,9.649,8.923,0.267,0.215,synthetic_demo
26.445893,80.421389,Kanpur,Gwaltoli,Independent House,815.0,3127155,3837,2,1,21,1.0,4,4,0,1,6,2,7.362,5.765,4.749,2.714,6.678,0.309,0.354,synthetic_demo
26.535901,80.422576,Kanpur,Civil Lines,Independent House,925.0,3675950,3974,2,1,27,2.0,1,8,0,1,0,3,11.567,11.636,14.675,10.812,10.422,0.306,0.35,synthetic_demo
26.396837,80.367317,Kanpur,Kidwai Nagar,Apartment,1035.0,4697865,4539,2,1,25,1.0,4,7,2,2,4,5,6.641,4.7,4.343,4.88,6.052,0.491,0.446,synthetic_demo
26.475164,80.32,Kanpur,Rawatpur,Plot,967.0,5578623,5769,0,0,0,5.0,13,8,5,2,15,4,0.647,3.786,11.933,0.19,0.608,0.736,0.838,synthetic_demo
26.435631,80.22911,Kanpur,Panki,Plot,1556.0,5122352,3292,0,0,0,0.0,4,3,2,0,1,8,8.156,3.778,18.355,7.052,8.218,0.375,0.15,synthetic_demo
26.531313,80.337566,Kanpur,Swaroop Nagar,Independent House,1009.0,4751381,4709,2,1,28,2.0,3,5,2,2,0,5,6.039,8.683,15.852,6.62,5.112,0.378,0.493,synthetic_demo
26.465735,80.369358,Kanpur,Gwaltoli,Independent House,660.0,4743420,7187,1,1,2,3.0,16,16,2,4,9,9,2.495,2.344,7.935,1.418,1.87,0.712,0.83,synthetic_demo
26.420231,80.406424,Kanpur,Juhi,Apartment,1383.0,5417211,3917,3,2,18,2.0,5,8,1,0,4,2,6.924,4.712,1.798,0.421,6.342,0.434,0.362,synthetic_demo
26.409166,80.294305,Kanpur,Barra,Builder Floor,1376.0,6742400,4900,3,2,1,3.0,2,6,1,0,4,1,7.132,4.612,11.545,7.543,4.779,0.378,0.372,synthetic_demo
26.505182,80.279895,Kanpur,Vikas Nagar,Apartment,1387.0,6431519,4637,3,2,22,1.0,4,6,0,2,8,7,1.433,5.461,17.135,1.916,1.43,0.443,0.556,synthetic_demo
26.511696,80.240513,Kanpur,IIT Kanpur,Builder Floor,970.0,3540500,3650,2,1,29,1.0,4,1,0,1,4,7,0.853,5.387,20.672,1.231,5.226,0.233,0.361,synthetic_demo
26.548221,80.358102,Kanpur,Swaroop Nagar,Apartment,1521.0,5489289,3609,3,2,14,1.0,5,2,1,0,5,6,8.436,10.509,16.809,9.083,7.812,0.343,0.276,synthetic_demo
26.442161,80.313483,Kanpur,Govind Nagar,Apartment,779.0,5127378,6582,2,1,14,3.0,7,13,2,2,8,11,3.115,1.055,10.497,3.458,0.934,0.675,0.717,synthetic_demo
26.454838,80.26745,Kanpur,Panki,Independent House,2237.0,11088809,4957,5,4,3,1.0,2,4,5,1,6,0,5.098,2.014,15.271,3.735,4.274,0.568,0.319,synthetic_demo
26.533389,80.282607,Kanpur,Kalyanpur,Builder Floor,1451.0,5136540,3540,3,2,10,0.0,4,4,0,0,5,3,3.951,8.37,19.151,4.935,4.199,0.299,0.178,synthetic_demo
26.543161,80.231883,Kanpur,IIT Kanpur,Plot,881.0,2678240,3040,0,0,0,0.0,3,0,1,1,1,2,3.398,8.985,23.51,4.195,7.79,0.148,0.239,synthetic_demo
26.487971,80.400173,Kanpur,Civil Lines,Apartment,1786.0,8370982,4687,4,3,7,1.0,10,5,3,1,6,3,6.422,6.278,9.345,5.209,5.732,0.516,0.495,synthetic_demo
26.495853,80.246259,Kanpur,IIT Kanpur,Apartment,1234.0,5079144,4116,3,2,7,0.0,5,3,1,0,6,4,1.893,3.561,19.222,0.214,4.358,0.369,0.208,synthetic_demo
26.493163,80.273929,Kanpur,Kalyanpur,Independent House,1794.0,10207860,5690,4,3,8,2.0,3,3,1,3,3,7,1.394,4.023,16.769,0.464,1.632,0.34,0.637,synthetic_demo
26.484925,80.302806,Kanpur,Kakadeo,Apartment,728.0,4283552,5884,2,1,19,4.0,9,4,4,2,12,9,1.772,5.32,13.939,0.608,0.095,0.652,0.818,synthetic_demo
26.506715,80.283761,Kanpur,Vikas Nagar,Apartment,1350.0,7021350,5201,3,2,21,1.0,4,6,0,3,8,7,1.343,5.818,16.959,2.209,1.338,0.443,0.623,synthetic_demo
26.530918,80.213144,Kanpur,IIT Kanpur,Independent House,1170.0,4401540,3762,3,2,18,2.0,4,1,1,1,2,3,2.769,8.296,24.13,2.334,8.573,0.217,0.424,synthetic_demo
26.444512,80.274078,Kanpur,Panki,Builder Floor,1204.0,5971840,4960,3,2,19,1.0,1,4,4,2,8,1,5.127,3.231,14.26,4.576,3.631,0.557,0.401,synthetic_demo
26.495303,80.288338,Kanpur,Vikas Nagar,Independent House,631.0,4323612,6852,1,1,20,3.0,6,3,1,2,6,7,0.183,5.165,15.783,1.184,0.183,0.396,0.761,synthetic_demo
26.458121,80.329444,Kanpur,Rawatpur,Apartment,445.0,3139030,7054,1,1,25,6.0,13,12,4,3,15,12,1.811,1.979,10.009,1.192,0.533,0.779,0.879,synthetic_demo
26.392541,80.351087,Kanpur,Kidwai Nagar,Independent House,671.0,3277164,4884,1,1,6,0.0,2,7,2,0,1,2,6.841,5.324,6.024,6.212,5.653,0.417,0.09,synthetic_demo
26.485446,80.229218,Kanpur,Panki,Independent House,624.0,3593616,5759,1,1,7,0.0,6,2,2,0,5,1,3.032,3.157,20.138,1.882,6.167,0.359,0.221,synthetic_demo
26.400038,80.273312,Kanpur,Barra,Apartment,779.0,3328667,4273,2,1,10,1.0,2,3,2,0,3,4,8.913,6.799,13.632,9.216,6.626,0.375,0.187,synthetic_demo
26.441682,80.381865,Kanpur,Juhi,Apartment,1498.0,8306410,5545,3,2,11,4.0,7,8,1,1,10,9,3.639,1.804,5.009,0.009,3.004,0.575,0.629,synthetic_demo
26.519691,80.371677,Kanpur,Civil Lines,Apartment,858.0,3166878,3691,2,1,12,1.0,5,7,0,0,6,2,6.492,7.622,13.378,6.788,5.586,0.387,0.284,synthetic_demo
26.548713,80.34066,Kanpur,Vikas Nagar,Independent House,686.0,2592394,3779,2,1,23,1.0,2,2,2,0,3,3,7.731,10.571,17.472,8.531,6.877,0.34,0.186,synthetic_demo
26.417611,80.285198,Kanpur,Barra,Builder Floor,867.0,4056693,4679,2,1,22,1.0,1,5,3,0,7,4,6.63,4.657,12.525,6.982,4.352,0.537,0.175,synthetic_demo
26.447186,80.205114,Kanpur,Panki,Independent House,977.0,3309099,3387,2,1,28,1.0,2,5,2,0,1,3,7.75,4.844,20.959,6.683,10.036,0.378,0.182,synthetic_demo
26.49214,80.354811,Kanpur,Civil Lines,Builder Floor,779.0,4910037,6303,2,1,23,6.0,8,16,1,1,10,7,3.27,4.27,11.202,3.311,2.15,0.682,0.736,synthetic_demo
26.506657,80.243513,Kanpur,IIT Kanpur,Apartment,1344.0,4971456,3699,3,2,20,1.0,5,3,0,0,4,6,1.322,4.787,20.108,0.812,4.779,0.281,0.292,synthetic_demo
26.518932,80.417414,Kanpur,Civil Lines,Independent House,996.0,4328616,4346,2,1,7,2.0,2,1,2,1,1,4,9.993,9.87,12.756,8.989,8.941,0.281,0.376,synthetic_demo
26.519911,80.367462,Kanpur,Civil Lines,Independent House,741.0,3388593,4573,2,1,17,1.0,5,6,0,0,5,4,6.224,7.537,13.527,6.617,5.381,0.362,0.286,synthetic_demo
26.494317,80.318979,Kanpur,Swaroop Nagar,Apartment,1370.0,7307580,5334,3,2,24,5.0,7,7,2,3,12,9,1.944,5.432,13.5,2.141,0.693,0.623,0.819,synthetic_demo
26.463561,80.284805,Kanpur,Kakadeo,Apartment,2078.0,11769792,5664,5,4,13,4.0,3,8,4,0,4,5,3.284,3.465,14.104,2.23,2.829,0.599,0.499,synthetic_demo
26.547288,80.2501,Kanpur,IIT Kanpur,Builder Floor,722.0,2560212,3546,2,1,20,0.0,4,2,1,1,2,2,4.257,9.261,22.496,5.253,6.924,0.237,0.271,synthetic_demo
26.54156,80.219762,Kanpur,IIT Kanpur,Independent House,777.0,3185700,4100,2,1,21,1.0,3,0,1,3,5,2,3.443,9.134,24.322,3.622,8.62,0.244,0.499,synthetic_demo
26.454978,80.281272,Kanpur,Kakadeo,Builder Floor,1679.0,8527641,5079,4,3,15,3.0,2,7,5,1,6,3,3.929,3.271,14.007,3.242,2.916,0.634,0.491,synthetic_demo
26.431914,80.427334,Kanpur,Juhi,Apartment,998.0,3814356,3822,2,1,27,2.0,5,7,0,0,7,3,8.272,6.355,3.508,1.905,7.613,0.414,0.358,synthetic_demo
26.544186,80.396262,Kanpur,Civil Lines,Builder Floor,804.0,2711088,3372,2,1,28,2.0,4,5,0,0,5,4,10.151,11.043,15.604,10.319,9.217,0.336,0.331,synthetic_demo
26.398055,80.223845,Kanpur,Panki,Apartment,1303.0,5050428,3876,3,2,4,2.0,4,3,1,0,2,3,12.23,7.782,18.564,11.131,10.334,0.277,0.33,synthetic_demo
26.40487,80.32732,Kanpur,Barra,Apartment,1213.0,4645790,3830,3,2,27,2.0,2,6,1,0,2,6,5.838,4.031,8.245,6.491,3.893,0.387,0.306,synthetic_demo
26.437435,80.243605,Kanpur,Panki,Apartment,942.0,3589962,3811,2,1,8,0.0,3,1,2,0,4,5,7.461,3.022,16.982,6.364,6.762,0.353,0.119,synthetic_demo
26.501581,80.259036,Kanpur,Kalyanpur,Independent House,669.0,3356373,5017,1,1,13,1.0,3,5,0,1,4,9,0.496,4.274,18.519,0.822,3.146,0.366,0.371,synthetic_demo
26.457724,80.355476,Kanpur,Gwaltoli,Plot,1482.0,9704136,6548,0,0,0,4.0,12,16,3,2,15,19,0.852,0.7,8.046,0.038,0.234,0.813,0.83,synthetic_demo
26.464116,80.253886,Kanpur,Panki,Apartment,874.0,4912754,5621,2,1,18,1.0,2,3,3,0,7,5,4.331,0.387,16.912,3.241,5.037,0.506,0.198,synthetic_demo
26.506627,80.396183,Kanpur,Civil Lines,Independent House,1020.0,5177520,5076,2,1,7,2.0,10,2,3,1,4,3,7.566,7.454,11.451,6.658,6.428,0.42,0.55,synthetic_demo
26.454916,80.267484,Kanpur,Panki,Apartment,1189.0,5688176,4784,3,2,16,1.0,2,4,5,1,6,0,5.088,2.012,15.271,3.725,4.272,0.568,0.319,synthetic_demo
26.461434,80.355532,Kanpur,Gwaltoli,Builder Floor,562.0,4446544,7912,1,1,2,3.0,13,17,2,2,13,19,1.116,1.004,8.351,0.329,0.429,0.789,0.804,synthetic_demo
26.410728,80.271065,Kanpur,Barra,Apartment,1076.0,3747708,3483,2,1,28,1.0,1,3,2,0,7,5,8.022,6.254,13.865,8.185,5.824,0.454,0.158,synthetic_demo
26.385618,80.268447,Kanpur,Barra,Independent House,1382.0,4480444,3242,3,2,29,1.0,1,3,2,1,0,4,10.555,8.278,14.263,10.88,8.237,0.316,0.268,synthetic_demo
26.4393,80.281677,Kanpur,Govind Nagar,Builder Floor,1577.0,7976466,5058,4,3,8,1.0,3,5,4,0,5,1,4.901,4.182,13.364,4.854,3.061,0.535,0.272,synthetic_demo
26.380474,80.231618,Kanpur,Barra,Independent House,801.0,3716640,4640,2,1,10,3.0,2,6,3,1,1,4,13.091,9.466,17.976,12.686,10.964,0.467,0.446,synthetic_demo
26.515271,80.352077,Kanpur,Swaroop Nagar,Apartment,957.0,3808860,3980,2,1,6,1.0,3,5,1,0,5,8,4.89,6.817,13.614,5.467,4.293,0.434,0.24,synthetic_demo
26.456788,80.243279,Kanpur,Panki,Plot,1454.0,5827632,4008,0,0,0,0.0,2,1,2,1,5,3,5.434,1.044,17.603,4.368,6.362,0.353,0.212,synthetic_demo
26.470921,80.218559,Kanpur,Panki,Apartment,717.0,3073779,4287,2,1,19,1.0,4,3,2,0,3,2,4.824,3.223,20.455,3.757,7.64,0.356,0.247,synthetic_demo
26.414032,80.295418,Kanpur,Barra,Apartment,1721.0,6763530,3930,4,3,19,2.0,2,6,1,0,5,3,6.584,4.134,11.471,7.0,4.234,0.414,0.299,synthetic_demo
26.397577,80.385795,Kanpur,Kidwai Nagar,Builder Floor,1045.0,4464240,4272,2,1,24,2.0,2,4,2,1,4,7,7.316,5.092,2.537,3.662,6.953,0.443,0.379,synthetic_demo
26.472194,80.25096,Kanpur,Panki,Independent House,1665.0,7484175,4495,4,3,19,3.0,2,1,3,0,4,4,3.559,0.916,17.547,2.505,4.697,0.405,0.373,synthetic_demo
26.530904,80.268695,Kanpur,Kalyanpur,Independent House,602.0,3102106,5153,1,1,9,0.0,2,4,1,2,6,4,3.248,7.668,19.899,4.196,4.404,0.393,0.338,synthetic_demo
26.526625,80.312501,Kanpur,Vikas Nagar,Independent House,1256.0,6033824,4804,3,2,28,3.0,7,4,2,1,4,2,4.075,8.888,16.706,5.267,3.49,0.4,0.572,synthetic_demo
26.437017,80.376444,Kanpur,Juhi,Independent House,1025.0,6255575,6103,2,1,7,1.0,6,8,1,1,14,12,3.404,1.258,4.938,0.744,2.845,0.639,0.451,synthetic_demo
26.445222,80.306556,Kanpur,Govind Nagar,Plot,794.0,4911684,6186,0,0,0,0.0,7,13,3,1,8,7,2.945,1.799,11.266,3.38,0.63,0.688,0.561,synthetic_demo
26.504058,80.355762,Kanpur,Civil Lines,Apartment,434.0,2327542,5363,1,1,2,4.0,7,8,1,1,7,7,4.144,5.598,12.331,4.524,3.281,0.52,0.624,synthetic_demo
26.426934,80.218235,Kanpur,Panki,Apartment,751.0,3103883,4133,2,1,0,0.0,4,4,1,0,1,2,9.509,5.195,19.271,8.33,9.497,0.274,0.149,synthetic_demo
26.38097,80.252903,Kanpur,Barra,Independent House,801.0,3849606,4806,2,1,1,2.0,1,3,3,0,0,1,11.779,9.237,15.873,11.899,9.523,0.353,0.245,synthetic_demo
26.417845,80.401272,Kanpur,Juhi,Independent House,1056.0,4912512,4652,2,1,18,2.0,5,10,2,0,3,4,6.656,4.394,1.734,0.952,6.104,0.528,0.363,synthetic_demo
26.416693,80.287238,Kanpur,Barra,Apartment,732.0,3095628,4229,2,1,23,1.0,1,6,2,0,6,2,6.627,4.55,12.312,7.007,4.326,0.478,0.176,synthetic_demo
26.428804,80.28839,Kanpur,Barra,Apartment,1110.0,4567650,4115,2,1,12,0.0,2,5,3,1,8,4,5.394,3.796,12.42,5.711,3.183,0.551,0.261,synthetic_demo
26.464546,80.245446,Kanpur,Panki,Independent House,1259.0,6466224,5136,3,2,14,2.0,3,1,2,2,4,5,4.556,0.457,17.706,3.488,5.64,0.353,0.49,synthetic_demo
26.507863,80.395284,Kanpur,Civil Lines,Independent House,968.0,5005528,5171,2,1,13,2.0,9,4,3,0,5,2,7.617,7.508,11.599,6.726,6.421,0.473,0.456,synthetic_demo
26.406712,80.360828,Kanpur,Kidwai Nagar,Apartment,1037.0,4762941,4593,2,1,17,0.0,3,6,2,3,7,3,5.411,3.604,4.914,4.373,4.795,0.501,0.448,synthetic_demo
26.383379,80.351105,Kanpur,Barra,Independent House,968.0,3817792,3944,2,1,3,0.0,3,5,1,0,2,1,7.859,6.317,6.324,7.033,6.605,0.313,0.12,synthetic_demo
26.488985,80.392807,Kanpur,Civil Lines,Apartment,710.0,3494620,4922,2,1,29,2.0,9,5,3,1,5,4,5.918,5.784,9.562,4.87,5.137,0.508,0.537,synthetic_demo
26.409268,80.323941,Kanpur,Barra,Apartment,958.0,4252562,4439,2,1,8,2.0,1,7,1,0,5,5,5.521,3.528,8.598,6.241,3.451,0.454,0.288,synthetic_demo
26.496671,80.256658,Kanpur,Kalyanpur,Independent House,817.0,3784344,4632,2,1,11,1.0,3,5,0,0,5,7,0.941,3.693,18.402,0.231,3.323,0.366,0.263,synthetic_demo
26.540846,80.332679,Kanpur,Vikas Nagar,Apartment,799.0,3156849,3951,2,1,21,1.0,3,5,2,1,1,5,6.55,9.806,17.017,7.439,5.722,0.396,0.332,synthetic_demo
26.468021,80.25703,Kanpur,Panki,Apartment,1979.0,8090152,4088,4,3,12,1.0,2,2,3,0,4,4,3.841,0.83,16.803,2.728,4.513,0.429,0.205,synthetic_demo
26.386567,80.304008,Kanpur,Barra,Apartment,1212.0,4031112,3326,3,2,23,0.0,2,7,0,0,1,6,8.684,6.372,10.751,9.384,6.452,0.33,0.084,synthetic_demo
26.429932,80.323624,Kanpur,Govind Nagar,Apartment,921.0,4323174,4694,2,1,26,2.0,5,7,1,1,7,9,3.613,1.231,9.068,4.227,1.282,0.516,0.571,synthetic_demo
26.411694,80.296139,Kanpur,Barra,Apartment,953.0,3385056,3552,2,1,27,2.0,2,6,1,0,4,1,6.808,4.28,11.378,7.218,4.455,0.378,0.296,synthetic_demo
26.512939,80.374731,Kanpur,Civil Lines,Independent House,1175.0,5838575,4969,3,2,20,3.0,6,8,2,1,5,3,6.214,7.008,12.572,6.265,5.186,0.511,0.536,synthetic_demo
26.499483,80.288877,Kanpur,Vikas Nagar,Apartment,664.0,4227688,6367,1,1,6,3.0,6,5,1,2,6,8,0.403,5.526,16.044,1.636,0.401,0.451,0.743,synthetic_demo
26.42566,80.266685,Kanpur,Barra,Plot,1497.0,5618241,3753,0,0,0,0.0,2,4,4,0,9,3,7.029,4.575,14.476,6.787,5.088,0.583,0.095,synthetic_demo
26.450799,80.349392,Kanpur,Kanpur Central Station,Apartment,1268.0,7738604,6103,3,2,29,1.0,11,16,3,3,15,10,0.382,0.358,7.947,0.997,0.662,0.786,0.752,synthetic_demo
26.407507,80.402797,Kanpur,Juhi,Apartment,900.0,3872700,4303,2,1,5,2.0,4,5,2,1,2,4,7.516,5.214,0.805,1.734,7.01,0.405,0.426,synthetic_demo
26.423341,80.22135,Kanpur,Panki,Builder Floor,1875.0,7344375,3917,4,3,18,2.0,4,6,2,0,2,4,9.722,5.346,18.915,8.595,9.316,0.429,0.33,synthetic_demo
26.458729,80.314317,Kanpur,Rawatpur,Builder Floor,700.0,5162500,7375,2,1,14,4.0,6,15,4,1,11,2,1.281,2.194,11.29,1.711,0.12,0.743,0.759,synthetic_demo
26.407354,80.267921,Kanpur,Barra,Apartment,521.0,2112655,4055,1,1,1,1.0,2,3,2,0,6,5,8.509,6.547,14.164,8.643,6.312,0.437,0.189,synthetic_demo
26.414921,80.321075,Kanpur,Barra,Apartment,681.0,2611635,3835,2,1,23,3.0,3,5,0,0,6,2,5.106,2.914,8.943,5.818,2.912,0.336,0.432,synthetic_demo
26.465344,80.355097,Kanpur,Civil Lines,Plot,777.0,4937835,6355,0,0,0,2.0,12,19,2,2,10,20,1.446,1.367,8.713,0.693,0.592,0.79,0.759,synthetic_demo
26.456778,80.295614,Kanpur,Kakadeo,Apartment,1697.0,9476048,5584,4,3,10,3.0,6,11,6,0,7,5,2.587,3.326,12.801,2.56,1.593,0.734,0.554,synthetic_demo
26.492537,80.335599,Kanpur,Swaroop Nagar,Apartment,1590.0,10358850,6515,4,3,2,2.0,11,11,3,2,14,8,1.878,4.512,12.291,2.531,1.471,0.722,0.7,synthetic_demo
26.481363,80.220936,Kanpur,Panki,Independent House,1820.0,7644000,4200,4,3,16,1.0,5,2,2,0,6,0,3.644,3.478,20.687,2.592,7.069,0.369,0.278,synthetic_demo
26.540649,80.407914,Kanpur,Civil Lines,Independent House,695.0,2960005,4259,2,1,11,3.0,1,4,0,0,4,4,10.722,11.237,15.152,10.506,9.681,0.288,0.33,synthetic_demo
26.456808,80.214531,Kanpur,Panki,Plot,1061.0,3695463,3483,0,0,0,1.0,2,4,1,0,3,1,6.443,3.62,20.326,5.36,8.68,0.306,0.183,synthetic_demo
26.41456,80.203149,Kanpur,Panki,Builder Floor,1391.0,6753305,4855,3,2,5,2.0,3,8,1,1,4,3,11.274,7.21,20.641,10.135,11.351,0.443,0.4,synthetic_demo
26.4429,80.39356,Kanpur,Gwaltoli,Independent House,1459.0,6343732,4348,3,2,26,2.0,5,5,1,1,10,7,4.701,2.975,4.587,0.782,4.035,0.506,0.468,synthetic_demo
26.537998,80.342575,Kanpur,Swaroop Nagar,Apartment,859.0,3065771,3569,2,1,21,1.0,3,3,2,2,1,4,6.872,9.368,16.305,7.486,6.004,0.336,0.424,synthetic_demo
26.39467,80.399596,Kanpur,Juhi,Independent House,601.0,2632380,4380,1,1,28,0.0,4,4,3,0,3,4,8.362,6.072,1.505,3.029,7.925,0.457,0.15,synthetic_demo
26.432393,80.411413,Kanpur,Juhi,Apartment,812.0,3284540,4045,2,1,19,2.0,6,7,0,1,8,5,6.755,4.778,3.115,0.931,6.11,0.448,0.473,synthetic_demo
26.548206,80.250218,Kanpur,IIT Kanpur,Builder Floor,2443.0,9188123,3761,5,4,1,0.0,4,2,1,1,2,2,4.354,9.363,22.56,5.352,7.001,0.237,0.271,synthetic_demo
26.430161,80.388872,Kanpur,Juhi,Apartment,1304.0,6745592,5173,3,2,0,2.0,6,8,1,0,5,8,4.857,2.664,3.56,0.634,4.284,0.498,0.402,synthetic_demo
26.480699,80.327765,Kanpur,Swaroop Nagar,Independent House,1570.0,10829860,6898,3,2,25,6.0,12,8,3,3,14,7,0.348,3.691,11.797,1.032,0.05,0.682,0.893,synthetic_demo
26.420936,80.267137,Kanpur,Barra,Apartment,1220.0,5619320,4606,3,2,17,1.0,2,3,4,0,9,2,7.376,5.083,14.356,7.262,5.347,0.56,0.195,synthetic_demo
26.497847,80.312763,Kanpur,Vikas Nagar,Apartment,1506.0,8344746,5541,3,2,26,4.0,9,7,2,2,12,10,2.275,6.112,14.208,2.292,0.663,0.628,0.783,synthetic_demo
26.438048,80.333093,Kanpur,Kidwai Nagar,Plot,1523.0,7844973,5151,0,0,0,1.0,10,10,2,0,11,5,2.313,0.963,8.532,2.996,0.376,0.634,0.627,synthetic_demo
26.399394,80.368666,Kanpur,Kidwai Nagar,Independent House,988.0,4911348,4971,2,1,0,1.0,3,6,2,2,6,4,6.411,4.428,4.164,4.572,5.918,0.493,0.424,synthetic_demo
26.546126,80.264021,Kanpur,Kalyanpur,Builder Floor,492.0,1722000,3500,1,1,29,0.0,2,3,1,0,3,3,4.904,9.238,21.442,5.613,6.116,0.299,0.086,synthetic_demo
26.454619,80.365526,Kanpur,Gwaltoli,Independent House,1072.0,8377680,7815,2,1,22,4.0,12,15,1,2,14,13,1.746,1.567,7.133,0.198,1.051,0.732,0.789,synthetic_demo
26.429674,80.391455,Kanpur,Juhi,Independent House,1803.0,7442784,4128,4,3,28,2.0,6,8,0,0,6,7,5.102,2.924,3.368,0.527,4.521,0.454,0.399,synthetic_demo
26.458683,80.391959,Kanpur,Gwaltoli,Apartment,842.0,4956012,5886,2,1,13,6.0,7,5,0,1,9,8,4.407,3.541,6.301,2.104,3.72,0.446,0.699,synthetic_demo
26.532414,80.28844,Kanpur,Vikas Nagar,Independent House,1005.0,4733550,4710,2,1,23,0.0,7,3,0,1,7,4,4.052,8.515,18.689,5.036,4.029,0.323,0.376,synthetic_demo
26.470403,80.339389,Kanpur,Arya Nagar,Builder Floor,727.0,6052275,8325,2,1,12,4.0,13,15,4,0,12,12,1.578,2.098,10.17,0.47,0.485,0.786,0.762,synthetic_demo
26.386371,80.417184,Kanpur,Juhi,Builder Floor,1105.0,4340440,3928,2,1,29,3.0,4,5,2,0,8,4,10.199,7.893,2.125,2.613,9.715,0.503,0.406,synthetic_demo
26.453604,80.364034,Kanpur,Gwaltoli,Independent House,955.0,7523490,7878,2,1,10,5.0,12,16,1,2,13,16,1.597,1.418,7.14,0.02,0.901,0.746,0.819,synthetic_demo
26.497987,80.409333,Kanpur,Civil Lines,Apartment,876.0,4209180,4805,2,1,1,3.0,8,3,4,0,9,0,7.822,7.683,10.407,6.64,7.06,0.546,0.496,synthetic_demo
26.440359,80.294343,Kanpur,Govind Nagar,Apartment,1125.0,6543000,5816,2,1,16,1.0,4,8,4,2,7,6,3.994,2.954,12.201,4.307,1.89,0.639,0.528,synthetic_demo
26.398429,80.376078,Kanpur,Kidwai Nagar,Apartment,1572.0,7507872,4776,3,2,6,3.0,3,7,3,0,4,4,6.782,4.669,3.453,4.209,6.494,0.532,0.386,synthetic_demo
26.441259,80.373278,Kanpur,Juhi,Builder Floor,1479.0,8514603,5757,3,2,22,2.0,9,9,1,1,12,11,2.888,0.957,5.499,0.548,2.303,0.627,0.585,synthetic_demo
26.532551,80.261502,Kanpur,Kalyanpur,Builder Floor,1556.0,5204820,3345,3,2,12,0.0,3,2,1,0,4,1,3.406,7.708,20.539,4.119,4.939,0.27,0.133,synthetic_demo
26.543541,80.314714,Kanpur,Vikas Nagar,Apartment,1060.0,4099020,3867,2,1,12,1.0,3,5,2,0,3,1,5.83,10.551,18.153,7.098,5.364,0.396,0.226,synthetic_demo
26.535748,80.220449,Kanpur,IIT Kanpur,Builder Floor,703.0,2491432,3544,2,1,24,1.0,4,0,1,2,3,1,2.819,8.503,23.868,3.031,8.203,0.185,0.442,synthetic_demo
26.489046,80.338532,Kanpur,Swaroop Nagar,Apartment,1526.0,10071600,6600,3,2,6,3.0,11,11,3,2,12,12,1.75,4.055,11.805,2.271,1.23,0.722,0.744,synthetic_demo
26.520607,80.369555,Kanpur,Civil Lines,Plot,1359.0,4892400,3600,0,0,0,1.0,5,7,0,0,6,2,6.421,7.663,13.537,6.781,5.555,0.387,0.285,synthetic_demo
26.458815,80.372915,Kanpur,Gwaltoli,Apartment,487.0,3356404,6892,1,1,16,3.0,12,15,1,3,12,12,2.537,2.363,7.094,1.005,1.863,0.711,0.769,synthetic_demo
26.385981,80.266959,Kanpur,Barra,Builder Floor,1846.0,6660368,3608,4,3,21,1.0,1,3,2,1,0,2,10.588,8.348,14.404,10.893,8.278,0.295,0.268,synthetic_demo
26.421573,80.269725,Kanpur,Barra,Builder Floor,1011.0,4946823,4893,2,1,8,1.0,1,4,4,0,10,3,7.152,5.11,14.109,7.106,5.099,0.595,0.165,synthetic_demo
26.529509,80.257537,Kanpur,Kalyanpur,Independent House,1149.0,4014606,3494,3,2,12,0.0,3,2,1,0,2,1,3.126,7.323,20.595,3.666,4.918,0.225,0.133,synthetic_demo
26.532578,80.310215,Kanpur,Vikas Nagar,Plot,1080.0,4250880,3936,0,0,0,4.0,6,4,2,0,4,2,4.537,9.585,17.378,5.805,4.092,0.4,0.532,synthetic_demo
26.509914,80.270277,Kanpur,Kalyanpur,Builder Floor,1752.0,9117408,5204,4,3,11,2.0,3,6,0,2,6,6,1.079,5.49,18.204,2.075,2.495,0.4,0.539,synthetic_demo
26.50822,80.370529,Kanpur,Civil Lines,Apartment,1067.0,5758599,5397,2,1,3,1.0,8,7,3,2,6,2,5.561,6.372,12.198,5.609,4.518,0.546,0.537,synthetic_demo
26.527915,80.315428,Kanpur,Vikas Nagar,Apartment,808.0,3530960,4370,2,1,24,2.0,6,4,2,1,3,3,4.358,8.902,16.656,5.502,3.708,0.39,0.494,synthetic_demo
26.464318,80.253104,Kanpur,Panki,Apartment,1078.0,5195960,4820,2,1,22,1.0,2,3,3,0,6,5,4.328,0.311,16.993,3.247,5.078,0.491,0.198,synthetic_demo
26.498343,80.349823,Kanpur,Swaroop Nagar,Plot,1154.0,5862320,5080,0,0,0,5.0,7,10,1,1,11,6,3.277,4.931,12.047,3.691,2.453,0.601,0.682,synthetic_demo
26.532596,80.302223,Kanpur,Vikas Nagar,Independent House,847.0,4177404,4932,2,1,1,1.0,6,3,1,2,3,1,4.247,9.23,17.847,5.531,4.05,0.277,0.504,synthetic_demo
26.546578,80.337724,Kanpur,Vikas Nagar,Builder Floor,950.0,3636600,3828,2,1,10,1.0,2,4,2,0,3,4,7.36,10.364,17.373,8.208,6.523,0.4,0.188,synthetic_demo
26.383153,80.254799,Kanpur,Barra,Apartment,1139.0,4086732,3588,3,2,9,2.0,0,4,2,0,0,3,11.473,9.003,15.648,11.607,9.216,0.333,0.214,synthetic_demo
26.384062,80.268711,Kanpur,Barra,Builder Floor,1355.0,5230300,3860,3,2,9,1.0,1,4,2,1,0,5,10.697,8.391,14.263,11.032,8.373,0.353,0.268,synthetic_demo
26.41743,80.396041,Kanpur,Juhi,Apartment,837.0,4205925,5025,2,1,23,2.0,6,9,2,0,3,7,6.278,3.991,2.015,1.321,5.753,0.53,0.389,synthetic_demo
26.46374,80.416697,Kanpur,Gwaltoli,Independent House,880.0,3771680,4286,2,1,14,2.0,4,7,0,1,7,6,6.924,5.924,6.631,3.999,6.242,0.44,0.428,synthetic_demo
26.486499,80.277352,Kanpur,Vikas Nagar,Apartment,1516.0,7223740,4765,3,2,15,5.0,2,2,3,2,3,5,1.643,3.697,16.063,0.109,1.641,0.42,0.693,synthetic_demo
26.487857,80.383351,Kanpur,Civil Lines,Apartment,978.0,4912494,5023,2,1,14,3.0,11,8,4,0,5,6,5.153,5.032,9.655,4.221,4.264,0.617,0.566,synthetic_demo
26.481068,80.325882,Kanpur,Swaroop Nagar,Independent House,1102.0,8864488,8044,2,1,11,5.0,11,7,3,3,14,5,0.341,3.838,11.958,1.005,0.123,0.659,0.87,synthetic_demo
26.406792,80.339025,Kanpur,Barra,Apartment,911.0,3390742,3722,2,1,21,2.0,1,6,1,0,5,5,5.325,4.087,7.084,5.637,3.78,0.432,0.28,synthetic_demo
26.424626,80.376024,Kanpur,Juhi,Apartment,1138.0,5509058,4841,3,2,3,2.0,5,8,2,2,7,6,4.296,1.997,4.071,1.88,3.865,0.56,0.544,synthetic_demo
26.433205,80.317252,Kanpur,Govind Nagar,Apartment,812.0,4396168,5414,2,1,28,1.0,5,9,1,3,8,10,3.836,1.097,9.785,4.197,1.476,0.573,0.63,synthetic_demo
26.38663,80.39258,Kanpur,Kidwai Nagar,Plot,911.0,3220385,3535,0,0,0,1.0,3,3,3,0,2,4,8.708,6.482,2.636,4.16,8.339,0.417,0.215,synthetic_demo
26.419769,80.242079,Kanpur,Panki,Apartment,624.0,2587104,4146,1,1,12,0.0,5,3,2,0,6,5,9.319,4.981,16.82,8.249,7.551,0.437,0.184,synthetic_demo
26.513616,80.353509,Kanpur,Swaroop Nagar,Apartment,744.0,3229704,4341,2,1,24,1.0,4,5,1,0,5,9,4.814,6.639,13.387,5.361,4.162,0.443,0.272,synthetic_demo
26.433294,80.398097,Kanpur,Juhi,Apartment,1548.0,7120800,4600,3,2,22,1.0,4,7,0,1,8,8,5.493,3.454,3.428,0.184,4.868,0.473,0.365,synthetic_demo
26.489768,80.220015,Kanpur,IIT Kanpur,Apartment,1029.0,3978114,3866,2,1,6,0.0,4,3,0,0,5,2,2.805,4.137,21.172,1.752,7.007,0.259,0.153,synthetic_demo
26.504772,80.339507,Kanpur,Swaroop Nagar,Apartment,736.0,3304640,4490,2,1,15,2.0,6,7,0,1,9,6,3.266,5.738,13.189,3.934,2.805,0.473,0.514,synthetic_demo
26.425868,80.303072,Kanpur,Barra,Apartment,1460.0,5923220,4057,3,2,24,2.0,5,5,1,1,6,6,5.099,2.678,10.923,5.508,2.756,0.434,0.496,synthetic_demo
26.443017,80.289667,Kanpur,Govind Nagar,Apartment,1140.0,5152800,4520,3,2,19,0.0,4,7,5,0,6,6,4.05,3.426,12.738,4.193,2.169,0.65,0.26,synthetic_demo
26.538713,80.209333,Kanpur,IIT Kanpur,Plot,939.0,3782292,4028,0,0,0,2.0,3,0,1,2,4,3,3.677,9.241,24.948,3.176,9.319,0.233,0.484,synthetic_demo
26.503387,80.389714,Kanpur,Civil Lines,Independent House,1303.0,6137130,4710,3,2,22,1.0,10,6,3,1,4,5,6.884,6.778,11.192,6.018,5.691,0.52,0.495,synthetic_demo
26.398198,80.310394,Kanpur,Barra,Apartment,679.0,2595138,3822,2,1,18,1.0,2,7,0,1,3,4,7.247,4.948,9.954,7.949,5.018,0.349,0.31,synthetic_demo
26.387826,80.371537,Kanpur,Kidwai Nagar,Independent House,1102.0,4264740,3870,2,1,12,0.0,4,5,2,0,2,3,7.723,5.74,4.26,5.4,7.102,0.396,0.152,synthetic_demo
26.437033,80.315897,Kanpur,Govind Nagar,Plot,1143.0,6340221,5547,0,0,0,2.0,6,10,2,3,8,11,3.667,0.92,10.058,3.883,1.444,0.634,0.686,synthetic_demo
26.39122,80.227869,Kanpur,Panki,Independent House,2118.0,7247796,3422,5,4,15,2.0,4,4,2,0,0,1,12.47,8.387,18.209,11.701,10.455,0.313,0.33,synthetic_demo
26.478275,80.332482,Kanpur,Swaroop Nagar,Builder Floor,734.0,6868772,9358,2,1,6,8.0,13,10,4,1,13,8,0.646,3.203,11.278,0.944,0.004,0.73,0.892,synthetic_demo
26.459861,80.352177,Kanpur,Kanpur Central Station,Apartment,1237.0,10936317,8841,3,2,9,3.0,12,16,4,1,12,18,0.773,0.693,8.444,0.021,0.053,0.812,0.792,synthetic_demo
26.410471,80.397166,Kanpur,Juhi,Independent House,2291.0,7853548,3428,5,4,28,2.0,4,6,2,0,3,4,6.884,4.579,1.454,1.841,6.391,0.446,0.335,synthetic_demo
26.466556,80.345322,Kanpur,Mall Road,Apartment,977.0,7367557,7541,2,1,13,5.0,13,20,4,3,9,15,1.421,1.466,9.453,0.364,0.197,0.816,0.877,synthetic_demo
26.462446,80.279494,Kanpur,Kakadeo,Apartment,1583.0,8400981,5307,4,3,1,3.0,1,7,5,0,6,4,3.827,2.941,14.518,2.529,3.3,0.639,0.373,synthetic_demo
26.424156,80.373285,Kanpur,Juhi,Apartment,761.0,4094180,5380,2,1,9,2.0,5,9,2,2,7,8,4.165,1.892,4.274,2.082,3.77,0.589,0.546,synthetic_demo
26.502125,80.369356,Kanpur,Civil Lines,Apartment,1536.0,7398912,4817,3,2,15,4.0,10,8,3,3,4,5,5.081,5.694,11.599,4.957,3.958,0.557,0.747,synthetic_demo
26.532303,80.351599,Kanpur,Swaroop Nagar,Independent House,1216.0,5216640,4290,3,2,11,2.0,2,5,1,1,0,2,6.554,8.709,15.368,7.207,5.995,0.281,0.382,synthetic_demo
26.401212,80.427375,Kanpur,Juhi,Independent House,1194.0,5837466,4889,3,2,0,1.0,3,3,2,1,5,3,9.845,7.582,1.757,0.702,9.281,0.402,0.324,synthetic_demo
26.509668,80.234236,Kanpur,IIT Kanpur,Plot,1401.0,4504215,3215,0,0,0,2.0,5,2,0,1,3,7,0.395,5.315,21.06,0.803,5.757,0.24,0.453,synthetic_demo
26.50794,80.31167,Kanpur,Vikas Nagar,Apartment,2629.0,12671780,4820,5,4,7,2.0,9,6,0,1,9,5,2.532,7.098,15.118,3.301,1.525,0.443,0.62,synthetic_demo
26.487007,80.37791,Kanpur,Civil Lines,Plot,1378.0,7665814,5563,0,0,0,4.0,11,11,4,0,6,10,4.726,4.615,9.729,3.865,3.751,0.69,0.621,synthetic_demo
26.430469,80.416173,Kanpur,Juhi,Plot,1212.0,4758312,3926,0,0,0,2.0,6,6,0,0,4,4,7.274,5.281,2.961,1.071,6.63,0.343,0.386,synthetic_demo
26.499627,80.361561,Kanpur,Civil Lines,Independent House,936.0,6573528,7023,2,1,3,4.0,10,10,2,2,7,8,4.279,5.207,11.639,4.355,3.214,0.605,0.714,synthetic_demo
26.527093,80.407253,Kanpur,Civil Lines,Apartment,1337.0,4335891,3243,3,2,15,3.0,3,1,1,0,1,1,9.756,9.937,13.646,9.162,8.622,0.169,0.382,synthetic_demo
26.411256,80.245358,Kanpur,Panki,Builder Floor,1340.0,4392520,3278,3,2,21,0.0,4,2,2,1,4,5,9.672,5.883,16.425,9.018,7.739,0.378,0.269,synthetic_demo
26.435201,80.378042,Kanpur,Juhi,Apartment,783.0,4161645,5315,2,1,7,2.0,6,10,1,1,13,11,3.649,1.46,4.682,0.814,3.098,0.652,0.506,synthetic_demo
26.388435,80.267614,Kanpur,Barra,Plot,657.0,2354688,3584,0,0,0,1.0,1,3,2,0,0,3,10.317,8.105,14.302,10.616,8.013,0.306,0.15,synthetic_demo
26.408849,80.375756,Kanpur,Kidwai Nagar,Builder Floor,835.0,3934520,4712,2,1,25,3.0,3,8,3,0,6,5,5.731,3.551,3.456,3.311,5.404,0.583,0.391,synthetic_demo
26.529133,80.290053,Kanpur,Vikas Nagar,Apartment,1002.0,4055094,4047,2,1,14,0.0,7,4,0,2,8,4,3.684,8.267,18.307,4.751,3.664,0.369,0.469,synthetic_demo
26.466937,80.251814,Kanpur,Panki,Builder Floor,986.0,4413336,4476,2,1,17,2.0,2,3,3,0,5,5,4.083,0.373,17.226,3.02,4.981,0.475,0.289,synthetic_demo
26.422123,80.268278,Kanpur,Barra,Apartment,1124.0,4806224,4276,2,1,14,1.0,2,4,4,0,9,3,7.202,4.999,14.261,7.099,5.177,0.583,0.197,synthetic_demo
26.381377,80.367318,Kanpur,Kidwai Nagar,Independent House,976.0,4278784,4384,2,1,6,0.0,4,4,2,0,1,4,8.301,6.416,4.971,6.218,7.474,0.362,0.151,synthetic_demo
26.493568,80.3628,Kanpur,Civil Lines,Independent House,672.0,4358592,6486,1,1,17,5.0,9,13,2,1,8,6,4.051,4.586,10.976,3.817,2.85,0.65,0.699,synthetic_demo
26.527274,80.331665,Kanpur,Vikas Nagar,Independent House,1201.0,5477761,4561,3,2,9,2.0,4,5,2,2,0,3,5.411,8.345,15.736,5.997,4.411,0.359,0.519,synthetic_demo
26.532137,80.266384,Kanpur,Kalyanpur,Plot,564.0,2201292,3903,0,0,0,0.0,2,4,1,1,6,1,3.359,7.75,20.159,4.245,4.637,0.366,0.227,synthetic_demo
26.39878,80.243651,Kanpur,Barra,Independent House,1496.0,5325760,3560,3,2,28,1.0,5,1,2,2,2,1,10.773,7.28,16.59,10.371,8.709,0.27,0.463,synthetic_demo
26.412581,80.395562,Kanpur,Juhi,Apartment,1845.0,8106930,4394,4,3,18,2.0,4,8,2,0,2,5,6.606,4.302,1.71,1.764,6.11,0.481,0.336,synthetic_demo
26.499566,80.427973,Kanpur,Civil Lines,Apartment,828.0,3027168,3656,2,1,25,3.0,4,4,1,0,4,6,9.436,9.268,10.731,7.869,8.779,0.375,0.407,synthetic_demo
26.392276,80.219306,Kanpur,Panki,Independent House,564.0,2175912,3858,1,1,28,3.0,3,3,2,0,1,1,12.987,8.541,19.051,11.888,11.069,0.306,0.381,synthetic_demo
26.470688,80.220797,Kanpur,Panki,Independent House,720.0,3041280,4224,2,1,7,1.0,4,3,2,0,2,2,4.792,3.0,20.238,3.704,7.442,0.336,0.247,synthetic_demo
26.396244,80.313614,Kanpur,Barra,Apartment,1236.0,4642416,3756,3,2,16,2.0,2,7,0,1,3,4,7.278,5.083,9.653,7.994,5.106,0.349,0.387,synthetic_demo
26.543685,80.356859,Kanpur,Swaroop Nagar,Apartment,1806.0,6062742,3357,4,3,16,2.0,5,2,1,0,3,2,7.923,9.997,16.369,8.569,7.329,0.259,0.359,synthetic_demo
26.540219,80.268337,Kanpur,Kalyanpur,Plot,761.0,2853750,3750,0,0,0,0.0,2,3,1,1,4,2,4.272,8.669,20.669,5.15,5.344,0.309,0.219,synthetic_demo
26.429538,80.297497,Kanpur,Barra,Builder Floor,1020.0,4965360,4868,2,1,7,2.0,4,4,2,2,8,4,4.9,2.93,11.557,5.32,2.583,0.483,0.554,synthetic_demo
26.50574,80.250886,Kanpur,Kalyanpur,Builder Floor,1381.0,6858046,4966,3,2,6,1.0,5,4,0,0,4,9,1.37,4.642,19.447,0.971,4.043,0.34,0.303,synthetic_demo
26.53898,80.316724,Kanpur,Vikas Nagar,Independent House,753.0,3662592,4864,2,1,7,3.0,3,4,2,0,3,4,5.469,10.006,17.616,6.694,4.918,0.4,0.395,synthetic_demo
26.393361,80.307467,Kanpur,Barra,Apartment,1003.0,3696055,3685,2,1,24,1.0,2,7,0,0,3,4,7.858,5.547,10.296,8.559,5.625,0.349,0.193,synthetic_demo
26.48652,80.295304,Kanpur,Kakadeo,Apartment,1036.0,6865572,6627,2,1,1,4.0,8,4,4,1,9,6,1.179,5.158,14.629,0.514,0.33,0.601,0.761,synthetic_demo
26.546986,80.418687,Kanpur,Civil Lines,Plot,608.0,2165088,3561,0,0,0,1.0,1,8,0,0,6,5,11.996,12.406,15.878,11.635,10.936,0.437,0.148,synthetic_demo
26.431077,80.349893,Kanpur,Kidwai Nagar,Apartment,919.0,5979014,6506,2,1,15,2.0,8,11,2,1,16,12,2.556,1.658,6.689,2.825,2.215,0.727,0.571,synthetic_demo
26.382309,80.364569,Kanpur,Kidwai Nagar,Apartment,1559.0,6198584,3976,3,2,6,1.0,4,4,2,0,1,3,8.141,6.304,5.158,6.314,7.251,0.353,0.248,synthetic_demo
26.484691,80.39475,Kanpur,Civil Lines,Independent House,831.0,4236438,5098,2,1,23,3.0,9,6,3,1,6,5,5.771,5.627,9.058,4.598,5.085,0.548,0.589,synthetic_demo
26.387358,80.261559,Kanpur,Barra,Apartment,1114.0,2720388,2442,2,1,25,2.0,0,3,2,0,0,2,10.72,8.6,14.916,10.937,8.444,0.295,0.215,synthetic_demo
26.509241,80.251361,Kanpur,Kalyanpur,Apartment,1634.0,6955938,4257,4,3,5,1.0,5,4,0,0,4,6,1.493,5.032,19.637,1.351,4.118,0.309,0.301,synthetic_demo
26.456273,80.231326,Kanpur,Panki,Apartment,908.0,3307844,3643,2,1,15,1.0,2,3,2,0,3,1,6.036,2.048,18.712,4.835,7.314,0.346,0.185,synthetic_demo
26.500163,80.286487,Kanpur,Vikas Nagar,Independent House,1008.0,5870592,5824,2,1,23,3.0,5,4,1,1,7,9,0.58,5.418,16.274,1.624,0.578,0.454,0.673,synthetic_demo
26.383349,80.268008,Kanpur,Barra,Independent House,1196.0,4255368,3558,3,2,20,1.0,1,4,2,1,0,4,10.8,8.496,14.345,11.13,8.476,0.343,0.268,synthetic_demo
26.413087,80.28148,Kanpur,Barra,Independent House,1837.0,7575788,4124,4,3,20,0.0,1,5,2,0,5,5,7.25,5.25,12.846,7.58,4.974,0.465,0.06,synthetic_demo
26.511916,80.414693,Kanpur,Civil Lines,Plot,1262.0,4755216,3768,0,0,0,1.0,3,1,2,2,5,4,9.248,9.121,11.964,8.202,8.309,0.362,0.419,synthetic_demo
26.446297,80.306969,Kanpur,Govind Nagar,Builder Floor,1268.0,7992204,6303,3,2,10,1.0,7,13,2,1,7,6,2.819,1.795,11.277,3.254,0.509,0.639,0.624,synthetic_demo
26.498314,80.393337,Kanpur,Civil Lines,Apartment,661.0,3763734,5694,1,1,0,1.0,10,6,3,1,4,4,6.682,6.562,10.575,5.738,5.712,0.513,0.495,synthetic_demo
26.539227,80.308508,Kanpur,Vikas Nagar,Apartment,894.0,2567568,2872,2,1,18,2.0,4,3,1,0,4,0,5.147,10.192,18.084,6.436,4.801,0.288,0.346,synthetic_demo
26.449789,80.260328,Kanpur,Panki,Independent House,1363.0,6261622,4594,3,2,28,0.0,1,5,4,1,6,3,5.817,1.885,15.744,4.505,4.951,0.562,0.191,synthetic_demo
26.446509,80.265816,Kanpur,Panki,Apartment,758.0,3307912,4364,2,1,8,1.0,1,4,3,1,6,2,5.726,2.502,15.111,4.655,4.421,0.488,0.289,synthetic_demo
26.528672,80.28772,Kanpur,Vikas Nagar,Apartment,1431.0,4969863,3473,3,2,27,0.0,7,4,0,2,8,4,3.64,8.112,18.421,4.623,3.62,0.369,0.469,synthetic_demo
26.425466,80.26133,Kanpur,Panki,Apartment,1030.0,4650450,4515,2,1,0,0.0,2,2,4,0,9,4,7.432,4.431,14.999,6.992,5.559,0.555,0.09,synthetic_demo
26.409716,80.302112,Kanpur,Barra,Builder Floor,1058.0,4349438,4111,2,1,3,1.0,2,5,1,0,4,1,6.717,4.105,10.771,7.198,4.352,0.353,0.208,synthetic_demo
26.475738,80.326571,Kanpur,Swaroop Nagar,Independent House,959.0,7516642,7838,2,1,20,8.0,12,8,3,2,15,7,0.258,3.345,11.493,0.476,0.569,0.691,0.884,synthetic_demo
26.473465,80.355978,Kanpur,Civil Lines,Apartment,616.0,4339104,7044,1,1,3,3.0,13,21,1,1,12,22,2.305,2.25,9.382,1.531,1.106,0.804,0.732,synthetic_demo
26.515567,80.385337,Kanpur,Civil Lines,Apartment,1425.0,6972525,4893,3,2,3,2.0,8,6,2,0,7,6,7.233,7.706,12.605,7.009,6.136,0.523,0.434,synthetic_demo
26.524764,80.293258,Kanpur,Vikas Nagar,Plot,1090.0,4779650,4385,0,0,0,0.0,6,4,1,3,7,3,3.215,8.012,17.731,4.409,3.197,0.402,0.533,synthetic_demo
26.44459,80.321488,Kanpur,Govind Nagar,Apartment,1166.0,7530028,6458,3,2,17,4.0,7,13,2,1,11,11,2.839,0.471,9.891,2.885,0.954,0.703,0.707,synthetic_demo
26.407344,80.371292,Kanpur,Kidwai Nagar,Independent House,840.0,4946760,5889,2,1,21,2.0,3,7,2,1,5,6,5.683,3.594,3.879,3.706,5.408,0.513,0.409,synthetic_demo
26.42576,80.206943,Kanpur,Panki,Independent House,448.0,1753920,3915,1,1,27,1.0,3,6,1,0,2,4,9.973,6.038,20.37,8.842,10.617,0.369,0.214,synthetic_demo
26.413106,80.33961,Kanpur,Kidwai Nagar,Apartment,838.0,4151452,4954,2,1,2,1.0,4,6,2,0,5,3,4.623,3.469,7.087,5.036,3.124,0.47,0.299,synthetic_demo
26.390855,80.402391,Kanpur,Juhi,Plot,1017.0,3855447,3791,0,0,0,2.0,3,3,2,0,3,3,8.868,6.579,1.691,3.175,8.431,0.366,0.304,synthetic_demo
26.50007,80.339339,Kanpur,Swaroop Nagar,Apartment,1665.0,8979345,5393,4,3,19,2.0,9,7,1,2,13,5,2.79,5.228,12.759,3.441,2.368,0.57,0.641,synthetic_demo
26.417814,80.298366,Kanpur,Barra,Builder Floor,1204.0,5377064,4466,3,2,15,3.0,1,5,1,0,6,3,6.092,3.628,11.227,6.506,3.743,0.408,0.362,synthetic_demo
26.487808,80.386709,Kanpur,Civil Lines,Builder Floor,870.0,4389150,5045,2,1,11,2.0,11,9,4,1,5,6,5.383,5.256,9.562,4.409,4.548,0.632,0.576,synthetic_demo
26.423561,80.286548,Kanpur,Barra,Independent House,1400.0,6543600,4674,3,2,13,0.0,2,3,3,1,9,3,5.988,4.203,12.487,6.318,3.743,0.52,0.244,synthetic_demo
26.543448,80.39771,Kanpur,Civil Lines,Builder Floor,1581.0,6453642,4082,4,3,5,2.0,3,5,0,0,5,5,10.192,11.03,15.511,10.313,9.241,0.346,0.303,synthetic_demo
26.533818,80.255969,Kanpur,IIT Kanpur,Apartment,894.0,2600646,2909,2,1,29,0.0,2,2,1,0,4,1,3.355,7.786,21.035,4.059,5.383,0.27,0.092,synthetic_demo
26.424604,80.363305,Kanpur,Juhi,Independent House,1346.0,8917250,6625,3,2,6,4.0,3,11,3,2,12,11,3.606,1.602,5.173,2.623,3.354,0.718,0.619,synthetic_demo
26.383501,80.225947,Kanpur,Barra,Independent House,906.0,4068846,4491,2,1,9,4.0,3,6,2,0,1,2,13.218,9.266,18.489,12.568,11.15,0.393,0.451,synthetic_demo
26.39006,80.405079,Kanpur,Juhi,Independent House,1105.0,4930510,4462,2,1,18,2.0,4,5,2,0,3,3,9.103,6.808,1.671,3.072,8.656,0.414,0.331,synthetic_demo
26.499841,80.256101,Kanpur,Kalyanpur,Independent House,1629.0,7019361,4309,4,3,27,1.0,5,4,0,0,5,9,0.822,4.031,18.646,0.54,3.404,0.359,0.318,synthetic_demo
26.380358,80.245029,Kanpur,Barra,Independent House,1531.0,5857606,3826,3,2,16,0.0,2,3,3,1,0,3,12.277,9.314,16.658,12.235,10.064,0.372,0.206,synthetic_demo
26.421928,80.31941,Kanpur,Barra,Builder Floor,1090.0,5136080,4712,2,1,27,1.0,3,6,1,0,5,6,4.563,2.169,9.24,5.206,2.26,0.44,0.311,synthetic_demo
26.530326,80.303559,Kanpur,Vikas Nagar,Apartment,807.0,3682341,4563,2,1,25,1.0,6,3,1,2,5,1,4.048,9.099,17.565,5.342,3.796,0.32,0.507,synthetic_demo
26.48576,80.260827,Kanpur,Panki,Independent House,1332.0,7760232,5826,3,2,5,3.0,2,2,2,0,4,4,1.833,2.649,17.399,0.757,3.119,0.369,0.403,synthetic_demo
26.526296,80.342467,Kanpur,Swaroop Nagar,Builder Floor,974.0,4249562,4363,2,1,12,3.0,3,4,2,2,0,3,5.615,8.072,15.134,6.269,4.932,0.333,0.552,synthetic_demo
26.525747,80.375858,Kanpur,Civil Lines,Independent House,564.0,2713968,4812,1,1,6,2.0,5,7,0,0,6,8,7.267,8.389,13.917,7.574,6.374,0.44,0.361,synthetic_demo
26.483622,80.266078,Kanpur,Panki,Builder Floor,1620.0,8671860,5353,4,3,16,5.0,3,4,3,1,3,4,2.054,2.706,16.829,0.797,2.749,0.457,0.619,synthetic_demo
26.536634,80.386346,Kanpur,Civil Lines,Apartment,588.0,2243220,3815,1,1,2,0.0,6,5,0,0,4,3,8.864,9.882,14.893,9.123,7.958,0.306,0.216,synthetic_demo
26.473736,80.406849,Kanpur,Civil Lines,Builder Floor,685.0,3129765,4569,2,1,25,3.0,6,8,1,0,8,4,6.256,5.755,7.717,4.321,5.609,0.513,0.459,synthetic_demo
26.491777,80.287199,Kanpur,Vikas Nagar,Apartment,932.0,5535148,5939,2,1,15,3.0,5,2,2,3,6,3,0.546,4.822,15.624,0.779,0.523,0.396,0.761,synthetic_demo
26.388344,80.354677,Kanpur,Kidwai Nagar,Apartment,1596.0,5894028,3693,4,3,5,0.0,3,5,2,0,0,2,7.331,5.709,5.802,6.379,6.219,0.349,0.121,synthetic_demo
26.486533,80.38645,Kanpur,Civil Lines,Independent House,841.0,5053569,6009,2,1,10,2.0,10,9,4,1,5,8,5.266,5.138,9.431,4.28,4.453,0.643,0.56,synthetic_demo
26.541434,80.30682,Kanpur,Vikas Nagar,Plot,894.0,3403458,3807,0,0,0,2.0,4,3,1,0,4,1,5.322,10.301,18.381,6.606,5.031,0.299,0.344,synthetic_demo
26.532229,80.294588,Kanpur,Vikas Nagar,Builder Floor,845.0,4061915,4807,2,1,2,0.0,6,4,1,2,7,2,4.054,8.789,18.282,5.229,4.032,0.393,0.441,synthetic_demo
26.544593,80.291207,Kanpur,Vikas Nagar,Apartment,1859.0,7326319,3941,4,3,24,1.0,4,4,1,1,5,2,5.405,9.855,19.572,6.394,5.374,0.356,0.36,synthetic_demo
26.530637,80.211684,Kanpur,IIT Kanpur,Apartment,1218.0,5451768,4476,3,2,15,2.0,4,1,1,1,3,4,2.847,8.333,24.23,2.288,8.69,0.252,0.424,synthetic_demo
26.512829,80.310364,Kanpur,Vikas Nagar,Builder Floor,952.0,3993640,4195,2,1,18,2.0,9,6,1,2,6,5,2.758,7.629,15.619,3.763,1.966,0.448,0.654,synthetic_demo
26.549619,80.276081,Kanpur,Kalyanpur,Plot,1549.0,4879350,3150,0,0,0,0.0,2,3,0,0,5,2,5.43,9.868,20.945,6.392,6.089,0.259,0.086,synthetic_demo
26.380411,80.250037,Kanpur,Barra,Apartment,972.0,4110588,4229,2,1,0,1.0,1,3,3,0,0,3,11.988,9.295,16.165,12.056,9.745,0.372,0.149,synthetic_demo
26.473219,80.309054,Kanpur,Rawatpur,Apartment,1032.0,7149696,6928,2,1,17,4.0,8,7,5,2,13,6,0.868,3.879,12.64,0.39,0.335,0.716,0.794,synthetic_demo
26.50479,80.309566,Kanpur,Vikas Nagar,Independent House,2043.0,9295650,4550,5,4,28,1.0,9,7,0,1,11,11,2.179,6.923,14.993,2.901,1.119,0.539,0.599,synthetic_demo
26.467853,80.409221,Kanpur,Gwaltoli,Apartment,716.0,3073788,4293,2,1,24,2.0,7,5,1,0,7,6,6.286,5.528,7.056,3.932,5.616,0.451,0.414,synthetic_demo
26.433335,80.227491,Kanpur,Panki,Builder Floor,1562.0,7018066,4493,3,2,1,1.0,5,3,2,0,0,7,8.456,4.08,18.467,7.346,8.429,0.346,0.275,synthetic_demo
26.405791,80.293318,Kanpur,Barra,Apartment,1143.0,4138803,3621,3,2,18,3.0,2,6,1,0,4,2,7.519,4.966,11.632,7.927,5.163,0.387,0.368,synthetic_demo
26.402903,80.403528,Kanpur,Juhi,Plot,1186.0,4758232,4012,0,0,0,2.0,4,4,3,1,2,5,7.928,5.622,0.675,2.079,7.439,0.448,0.425,synthetic_demo
26.412392,80.320776,Kanpur,Barra,Builder Floor,1080.0,4134240,3828,2,1,28,2.0,3,5,0,0,4,2,5.362,3.197,8.94,6.08,3.188,0.295,0.351,synthetic_demo
26.534766,80.278678,Kanpur,Kalyanpur,Builder Floor,649.0,2662847,4103,1,1,17,0.0,3,4,0,1,5,4,3.925,8.37,19.526,4.942,4.432,0.309,0.26,synthetic_demo
26.39892,80.228047,Kanpur,Panki,Apartment,1459.0,4804487,3293,3,2,15,2.0,4,3,1,0,3,4,11.871,7.559,18.142,10.896,9.934,0.309,0.33,synthetic_demo
26.392926,80.225563,Kanpur,Panki,Independent House,1413.0,5848407,4139,3,2,20,2.0,4,3,2,0,1,1,12.504,8.269,18.424,11.604,10.522,0.306,0.33,synthetic_demo
26.492697,80.327097,Kanpur,Swaroop Nagar,Independent House,676.0,5013892,7417,2,1,21,2.0,8,9,2,4,13,10,1.638,4.86,12.833,2.253,1.005,0.667,0.769,synthetic_demo
26.506047,80.244287,Kanpur,IIT Kanpur,Builder Floor,1166.0,5326288,4568,3,2,20,1.0,5,3,0,0,4,8,1.423,4.71,20.006,0.775,4.687,0.302,0.293,synthetic_demo
26.492309,80.302393,Kanpur,Kakadeo,Apartment,1587.0,10018731,6313,4,3,12,7.0,8,5,3,2,10,6,1.3,6.091,14.51,1.359,0.427,0.589,0.852,synthetic_demo
26.454791,80.399933,Kanpur,Gwaltoli,Independent House,2365.0,9904620,4188,5,4,23,1.0,6,4,0,2,7,6,5.171,3.985,5.694,2.219,4.479,0.369,0.499,synthetic_demo
26.47357,80.3633,Kanpur,Civil Lines,Independent House,624.0,4640688,7437,1,1,19,3.0,13,23,1,2,11,17,2.656,2.558,8.993,1.876,1.739,0.799,0.745,synthetic_demo
26.482952,80.21329,Kanpur,Panki,Independent House,992.0,3857888,3889,2,1,25,0.0,3,2,0,0,3,1,3.786,4.218,21.453,2.691,7.778,0.169,0.116,synthetic_demo
26.535022,80.294643,Kanpur,Vikas Nagar,Independent House,878.0,3226650,3675,2,1,28,0.0,7,3,1,1,6,1,4.364,9.061,18.521,5.52,4.339,0.34,0.371,synthetic_demo
26.427133,80.249104,Kanpur,Panki,Apartment,1023.0,3690984,3608,2,1,7,0.0,4,2,2,0,6,3,8.271,4.1,16.231,7.242,6.576,0.396,0.154,synthetic_demo
26.396565,80.212608,Kanpur,Panki,Apartment,1575.0,5326650,3382,4,3,24,1.0,3,3,2,0,1,3,12.792,8.372,19.689,11.674,11.367,0.326,0.214,synthetic_demo
26.495631,80.269882,Kanpur,Kalyanpur,Apartment,2446.0,11750584,4804,5,4,5,2.0,3,5,0,2,4,5,0.919,4.036,17.256,0.58,2.005,0.326,0.559,synthetic_demo
26.527019,80.330594,Kanpur,Vikas Nagar,Apartment,837.0,3487779,4167,2,1,20,2.0,4,5,2,0,1,3,5.312,8.341,15.765,5.933,4.327,0.378,0.352,synthetic_demo
26.486986,80.273167,Kanpur,Kalyanpur,Apartment,765.0,3629160,4744,2,1,25,5.0,2,2,3,1,3,6,1.902,3.442,16.437,0.203,1.951,0.429,0.63,synthetic_demo
26.522812,80.347396,Kanpur,Swaroop Nagar,Builder Floor,2140.0,7490000,3500,5,4,27,2.0,1,4,1,1,4,4,5.419,7.655,14.571,6.078,4.894,0.356,0.364,synthetic_demo
26.46356,80.366974,Kanpur,Gwaltoli,Apartment,723.0,5423223,7501,2,1,2,4.0,14,17,2,4,9,12,2.167,2.013,7.856,1.085,1.548,0.736,0.843,synthetic_demo
26.523322,80.41573,Kanpur,Civil Lines,Builder Floor,832.0,2565888,3084,2,1,26,3.0,2,0,1,0,0,3,10.24,10.123,13.235,9.284,9.056,0.135,0.357,synthetic_demo
26.493197,80.266881,Kanpur,Kalyanpur,Independent House,1938.0,8017506,4137,4,3,26,2.0,1,3,0,2,3,6,1.02,3.656,17.343,0.224,2.324,0.259,0.507,synthetic_demo
26.418817,80.340262,Kanpur,Kidwai Nagar,Independent House,1331.0,6954475,5225,3,2,1,1.0,4,6,2,0,6,6,3.987,2.951,7.137,4.486,2.556,0.508,0.322,synthetic_demo
26.485825,80.294177,Kanpur,Kakadeo,Apartment,980.0,7157920,7304,2,1,4,4.0,8,4,4,1,8,7,1.205,5.022,14.669,0.403,0.465,0.595,0.751,synthetic_demo
26.512457,80.200751,Kanpur,IIT Kanpur,Apartment,639.0,1653732,2588,1,1,27,1.0,2,2,0,0,0,2,3.109,7.284,24.056,0.961,9.075,0.104,0.182,synthetic_demo
26.393846,80.318435,Kanpur,Barra,Apartment,1334.0,5548106,4159,3,2,10,2.0,2,6,0,2,3,6,7.308,5.273,9.205,7.999,5.232,0.343,0.472,synthetic_demo
26.420522,80.223727,Kanpur,Panki,Builder Floor,788.0,3635044,4613,2,1,8,2.0,5,7,2,0,3,4,9.907,5.497,18.647,8.805,9.198,0.467,0.357,synthetic_demo
26.488789,80.419144,Kanpur,Civil Lines,Apartment,1062.0,5225040,4920,2,1,0,3.0,7,4,3,0,9,3,8.069,7.796,9.427,6.388,7.447,0.539,0.475,synthetic_demo
26.516846,80.291259,Kanpur,Vikas Nagar,Apartment,1116.0,5901408,5288,2,1,11,0.0,6,6,0,2,7,3,2.321,7.169,17.213,3.519,2.308,0.39,0.488,synthetic_demo
26.470399,80.221837,Kanpur,Panki,Apartment,1858.0,8388870,4515,4,3,4,1.0,3,3,2,0,2,2,4.8,2.892,20.13,3.698,7.359,0.336,0.217,synthetic_demo
26.424317,80.233653,Kanpur,Panki,Builder Floor,1358.0,5073488,3736,3,2,29,2.0,5,3,2,0,3,5,9.151,4.703,17.711,8.068,8.124,0.384,0.358,synthetic_demo
26.51064,80.363229,Kanpur,Civil Lines,Builder Floor,764.0,3797080,4970,2,1,22,0.0,8,9,1,1,7,4,5.186,6.438,12.701,5.512,4.287,0.518,0.396,synthetic_demo
26.537727,80.417734,Kanpur,Civil Lines,Plot,1302.0,5097330,3915,0,0,0,2.0,2,9,0,0,3,3,11.288,11.506,14.845,10.711,10.176,0.39,0.274,synthetic_demo
26.456784,80.379764,Kanpur,Gwaltoli,Apartment,631.0,3480596,5516,1,1,17,2.0,7,7,1,3,12,12,3.177,2.525,6.562,1.222,2.487,0.601,0.662,synthetic_demo
26.414618,80.292051,Kanpur,Barra,Apartment,1491.0,5770170,3870,3,2,27,2.0,2,5,1,0,7,2,6.64,4.327,11.811,7.056,4.302,0.417,0.298,synthetic_demo
26.434198,80.287567,Kanpur,Govind Nagar,Independent House,874.0,4565776,5224,2,1,6,1.0,3,6,3,1,5,4,4.943,3.706,12.644,5.18,2.838,0.528,0.382,synthetic_demo
26.416988,80.340501,Kanpur,Kidwai Nagar,Apartment,443.0,1779531,4017,1,1,26,0.0,4,6,2,0,5,5,4.183,3.135,7.071,4.636,2.751,0.486,0.226,synthetic_demo
26.425747,80.328616,Kanpur,Kidwai Nagar,Builder Floor,861.0,4744971,5511,2,1,18,3.0,5,7,1,1,6,6,3.687,1.757,8.455,4.409,1.582,0.478,0.601,synthetic_demo
26.432311,80.402106,Kanpur,Juhi,Apartment,2811.0,12379644,4404,5,4,0,1.0,5,7,0,1,9,5,5.902,3.866,3.204,0.331,5.273,0.465,0.386,synthetic_demo
26.51791,80.213211,Kanpur,IIT Kanpur,Independent House,852.0,3237600,3800,2,1,5,2.0,4,2,0,0,1,2,1.961,7.024,23.312,0.931,8.023,0.131,0.332,synthetic_demo
26.535692,80.2674,Kanpur,Kalyanpur,Independent House,688.0,2780896,4042,2,1,17,0.0,2,3,1,1,5,1,3.762,8.158,20.369,4.648,4.932,0.32,0.223,synthetic_demo
26.53242,80.392401,Kanpur,Civil Lines,Builder Floor,1594.0,5571030,3495,4,3,13,0.0,6,4,0,0,4,4,8.96,9.696,14.344,8.987,7.965,0.288,0.216,synthetic_demo
26.4438,80.428964,Kanpur,Gwaltoli,Independent House,1426.0,5899362,4137,3,2,11,3.0,3,6,0,0,3,4,8.14,6.49,4.767,3.019,7.458,0.323,0.384,synthetic_demo
26.396283,80.387914,Kanpur,Kidwai Nagar,Independent House,872.0,4196064,4812,2,1,10,0.0,2,4,2,1,3,8,7.549,5.314,2.387,3.637,7.176,0.434,0.209,synthetic_demo
26.447628,80.23293,Kanpur,Panki,Apartment,1337.0,4099242,3066,3,2,25,0.0,2,2,2,0,3,3,6.791,2.49,18.285,5.676,7.686,0.34,0.08,synthetic_demo
26.520263,80.246844,Kanpur,IIT Kanpur,Builder Floor,1845.0,8228700,4460,4,3,2,1.0,3,2,1,0,4,2,1.705,6.264,20.738,2.338,5.067,0.281,0.229,synthetic_demo
26.533327,80.355243,Kanpur,Swaroop Nagar,Builder Floor,879.0,4105809,4671,2,1,6,3.0,3,4,1,2,0,1,6.806,8.837,15.341,7.439,6.294,0.24,0.546,synthetic_demo
26.441306,80.254898,Kanpur,Panki,Apartment,781.0,3230216,4136,2,1,18,1.0,2,2,2,0,8,6,6.809,2.57,15.99,5.572,5.576,0.457,0.193,synthetic_demo
26.473957,80.237717,Kanpur,Panki,Independent House,1247.0,5571596,4468,3,2,16,2.0,3,2,2,1,5,3,4.07,1.649,18.825,2.78,5.752,0.378,0.407,synthetic_demo
26.474539,80.2949,Kanpur,Kakadeo,Independent House,1064.0,6149920,5780,2,1,27,4.0,4,6,5,0,9,7,2.257,4.62,13.87,0.743,1.265,0.672,0.593,synthetic_demo
26.468454,80.268326,Kanpur,Panki,Apartment,849.0,4172835,4915,2,1,13,5.0,2,5,5,0,5,3,3.746,1.89,15.811,2.292,3.658,0.591,0.519,synthetic_demo
26.495199,80.222745,Kanpur,IIT Kanpur,Independent House,863.0,3615970,4190,2,1,1,0.0,5,1,0,0,4,1,2.143,4.404,21.209,1.094,6.701,0.161,0.187,synthetic_demo
26.505411,80.428014,Kanpur,Civil Lines,Apartment,1819.0,6359224,3496,4,3,28,1.0,4,4,1,1,3,4,9.803,9.658,11.373,8.395,9.084,0.336,0.35,synthetic_demo
26.443514,80.283793,Kanpur,Govind Nagar,Independent House,1246.0,5755274,4619,3,2,14,0.0,3,5,5,0,5,1,4.427,4.013,13.308,4.344,2.709,0.579,0.196,synthetic_demo
26.501529,80.314488,Kanpur,Vikas Nagar,Independent House,1559.0,9201218,5902,3,2,5,2.0,8,6,1,1,12,10,2.513,6.347,14.396,2.733,1.096,0.573,0.632,synthetic_demo
26.3814,80.309692,Kanpur,Barra,Apartment,1239.0,3170601,2559,3,2,25,1.0,3,4,0,0,0,4,8.929,6.779,10.323,9.625,6.789,0.197,0.218,synthetic_demo
26.530798,80.242238,Kanpur,IIT Kanpur,Independent House,1130.0,4618310,4087,3,2,17,2.0,2,1,1,0,3,2,2.265,7.468,21.834,3.271,6.118,0.229,0.281,synthetic_demo
26.535591,80.209153,Kanpur,IIT Kanpur,Apartment,1484.0,5375048,3622,3,2,9,2.0,2,0,1,2,4,3,3.421,8.938,24.756,2.831,9.165,0.233,0.463,synthetic_demo
26.442762,80.225614,Kanpur,Panki,Builder Floor,1527.0,6482115,4245,3,2,7,1.0,2,2,2,0,2,5,7.615,3.387,18.86,6.433,8.449,0.34,0.183,synthetic_demo
26.432166,80.202361,Kanpur,Panki,Builder Floor,1089.0,4481235,4115,2,1,21,0.0,3,7,1,1,1,2,9.418,5.918,20.916,8.336,10.909,0.356,0.237,synthetic_demo
26.543067,80.246514,Kanpur,IIT Kanpur,Independent House,1775.0,6010150,3386,4,3,12,0.0,4,1,1,1,1,2,3.683,8.799,22.425,4.691,6.77,0.181,0.271,synthetic_demo
26.420242,80.412016,Kanpur,Juhi,Apartment,936.0,3344328,3573,2,1,26,3.0,4,9,1,0,4,2,7.397,5.216,1.772,0.063,6.8,0.457,0.409,synthetic_demo
26.481211,80.334074,Kanpur,Swaroop Nagar,Apartment,848.0,5829152,6874,2,1,22,5.0,14,12,4,2,14,11,0.879,3.407,11.412,1.303,0.353,0.769,0.855,synthetic_demo
26.444236,80.423871,Kanpur,Gwaltoli,Builder Floor,656.0,3097632,4722,1,1,7,1.0,4,6,0,1,7,3,7.631,5.989,4.637,2.732,6.949,0.39,0.353,synthetic_demo
26.431728,80.401817,Kanpur,Juhi,Apartment,1323.0,5707422,4314,3,2,17,1.0,5,7,0,1,9,5,5.903,3.851,3.149,0.263,5.277,0.465,0.386,synthetic_demo
26.467489,80.301949,Kanpur,Kakadeo,Builder Floor,698.0,5509314,7893,2,1,12,6.0,6,10,6,2,11,7,1.524,3.674,12.852,1.23,1.285,0.762,0.78,synthetic_demo
26.42697,80.238294,Kanpur,Panki,Apartment,712.0,2793888,3924,2,1,21,2.0,5,2,0,0,3,5,8.727,4.279,17.292,7.633,7.588,0.217,0.358,synthetic_demo
26.513337,80.22508,Kanpur,IIT Kanpur,Apartment,969.0,3386655,3495,2,1,13,2.0,5,2,0,0,2,4,0.693,6.021,22.045,0.867,6.745,0.181,0.36,synthetic_demo
26.522158,80.36523,Kanpur,Civil Lines,Apartment,1082.0,4296622,3971,2,1,23,1.0,5,6,1,1,5,2,6.273,7.733,13.835,6.735,5.491,0.405,0.385,synthetic_demo
26.494389,80.427706,Kanpur,Civil Lines,Independent House,823.0,3282947,3989,2,1,22,2.0,5,3,2,0,6,5,9.117,8.84,10.159,7.389,8.49,0.437,0.357,synthetic_demo
26.453136,80.202395,Kanpur,Panki,Apartment,661.0,2715388,4108,1,1,29,1.0,2,4,2,0,1,7,7.239,4.89,21.38,6.16,9.935,0.39,0.182,synthetic_demo
26.42823,80.428438,Kanpur,Juhi,Apartment,1355.0,5170680,3816,3,2,28,2.0,5,8,0,0,7,3,8.506,6.527,3.218,1.663,7.856,0.437,0.358,synthetic_demo
26.438489,80.22566,Kanpur,Panki,Independent House,739.0,3270814,4426,2,1,2,1.0,3,3,2,0,0,6,8.027,3.731,18.754,6.875,8.503,0.336,0.215,synthetic_demo
26.534792,80.383352,Kanpur,Civil Lines,Apartment,1525.0,5308525,3481,3,2,29,1.0,6,7,0,0,6,6,8.512,9.584,14.741,8.805,7.621,0.423,0.305,synthetic_demo
26.433541,80.224737,Kanpur,Panki,Independent House,1443.0,5196243,3601,3,2,23,1.0,4,3,2,0,0,7,8.557,4.219,18.741,7.42,8.692,0.346,0.246,synthetic_demo
26.533515,80.328554,Kanpur,Vikas Nagar,Apartment,1791.0,6010596,3356,4,3,14,3.0,3,4,2,1,1,5,5.667,9.091,16.493,6.536,4.815,0.372,0.48,synthetic_demo
26.503503,80.25381,Kanpur,Kalyanpur,Independent House,1093.0,5846457,5349,2,1,10,1.0,5,4,0,0,3,8,1.028,4.409,19.066,0.841,3.699,0.309,0.31,synthetic_demo
26.417766,80.345356,Kanpur,Kidwai Nagar,Plot,1338.0,5876496,4392,0,0,0,1.0,4,7,2,0,8,6,4.038,3.004,6.617,4.283,2.896,0.555,0.307,synthetic_demo
26.41145,80.414571,Kanpur,Juhi,Apartment,870.0,3396480,3904,2,1,24,4.0,3,6,1,2,2,2,8.144,5.894,0.902,0.648,7.577,0.349,0.595,synthetic_demo
26.531613,80.288163,Kanpur,Vikas Nagar,Independent House,1906.0,6827292,3582,4,3,24,0.0,7,3,0,2,7,4,3.964,8.423,18.639,4.943,3.942,0.323,0.464,synthetic_demo
26.458408,80.324624,Kanpur,Rawatpur,Apartment,1093.0,7875065,7205,2,1,13,6.0,12,14,4,3,14,13,1.496,1.937,10.416,1.385,1.009,0.793,0.859,synthetic_demo
26.425157,80.263288,Kanpur,Barra,Independent House,2241.0,10129320,4520,5,4,14,0.0,2,4,4,0,9,4,7.312,4.517,14.802,6.957,5.406,0.589,0.092,synthetic_demo
26.471535,80.213241,Kanpur,Panki,Apartment,2342.0,7915960,3380,5,4,3,0.0,3,3,1,0,2,2,4.933,3.754,20.974,3.877,8.113,0.267,0.115,synthetic_demo
26.547646,80.383763,Kanpur,Civil Lines,Builder Floor,1299.0,4738752,3648,3,2,0,0.0,5,2,0,0,4,1,9.644,10.948,16.143,10.086,8.848,0.193,0.183,synthetic_demo
26.535522,80.317005,Kanpur,Vikas Nagar,Apartment,1766.0,7775698,4403,4,3,1,3.0,3,4,2,0,1,3,5.151,9.634,17.276,6.345,4.558,0.353,0.399,synthetic_demo
26.482581,80.210552,Kanpur,Panki,Apartment,885.0,2492160,2816,2,1,13,0.0,3,2,0,0,2,0,3.962,4.437,21.686,2.824,8.054,0.131,0.116,synthetic_demo
26.489236,80.300844,Kanpur,Kakadeo,Apartment,1104.0,8837520,8005,2,1,0,6.0,8,4,4,2,9,6,1.315,5.787,14.398,0.987,0.278,0.601,0.841,synthetic_demo
26.530139,80.340125,Kanpur,Swaroop Nagar,Builder Floor,1309.0,4711091,3599,3,2,10,2.0,4,4,2,2,0,5,5.966,8.521,15.621,6.586,5.15,0.353,0.513,synthetic_demo
26.423763,80.401229,Kanpur,Juhi,Apartment,1171.0,5851487,4997,3,2,20,1.0,4,11,1,1,5,3,6.276,4.076,2.327,0.452,5.694,0.52,0.358,synthetic_demo
26.4361,80.284175,Kanpur,Govind Nagar,Plot,1417.0,4646343,3279,0,0,0,0.0,3,6,3,0,5,3,4.989,4.002,13.026,5.1,2.998,0.52,0.182,synthetic_demo
26.530744,80.263304,Kanpur,Kalyanpur,Apartment,1136.0,5191520,4570,3,2,0,0.0,2,4,1,1,5,4,3.197,7.539,20.27,3.994,4.672,0.375,0.226,synthetic_demo
26.519618,80.394734,Kanpur,Civil Lines,Apartment,1617.0,6461532,3996,4,3,9,2.0,6,4,1,0,6,4,8.258,8.558,12.903,7.837,7.134,0.393,0.384,synthetic_demo
26.520544,80.251645,Kanpur,IIT Kanpur,Apartment,1411.0,4780468,3388,3,2,24,1.0,3,3,1,0,4,2,2.145,6.29,20.386,2.533,4.686,0.309,0.234,synthetic_demo
26.465495,80.344478,Kanpur,Mall Road,Apartment,861.0,7981470,9270,2,1,4,4.0,12,18,4,3,11,12,1.325,1.384,9.426,0.221,0.33,0.804,0.849,synthetic_demo
26.425902,80.242731,Kanpur,Panki,Plot,853.0,3402617,3989,0,0,0,1.0,5,3,2,0,5,3,8.723,4.298,16.838,7.59,7.216,0.402,0.277,synthetic_demo
26.51505,80.349088,Kanpur,Swaroop Nagar,Apartment,989.0,4676981,4729,2,1,9,1.0,3,4,1,1,5,7,4.717,6.789,13.721,5.332,4.195,0.402,0.347,synthetic_demo
26.516568,80.312561,Kanpur,Vikas Nagar,Independent House,1048.0,5924344,5653,2,1,9,2.0,9,6,1,2,5,2,3.205,7.883,15.806,4.226,2.429,0.405,0.639,synthetic_demo
26.425692,80.25556,Kanpur,Panki,Apartment,1139.0,4906812,4308,3,2,6,0.0,2,3,4,0,7,2,7.854,4.295,15.571,7.168,6.056,0.532,0.087,synthetic_demo
26.519866,80.385131,Kanpur,Civil Lines,Apartment,1110.0,4877340,4394,2,1,24,4.0,7,7,2,0,6,7,7.503,8.124,13.078,7.422,6.453,0.535,0.536,synthetic_demo
26.38727,80.422128,Kanpur,Juhi,Independent House,1288.0,5605376,4352,3,2,1,2.0,5,4,2,0,7,2,10.467,8.161,2.25,2.222,9.963,0.451,0.356,synthetic_demo
26.387141,80.330205,Kanpur,Barra,Apartment,1919.0,7553184,3936,4,3,23,3.0,2,8,1,1,2,6,7.643,6.021,8.186,7.914,5.845,0.434,0.452,synthetic_demo
26.502902,80.248565,Kanpur,IIT Kanpur,Builder Floor,889.0,3752469,4221,2,1,24,1.0,5,3,0,0,5,8,1.539,4.328,19.457,0.597,4.198,0.323,0.3,synthetic_demo
26.441112,80.240943,Kanpur,Panki,Apartment,930.0,4458420,4794,2,1,0,0.0,4,1,2,0,4,6,7.149,2.7,17.332,6.075,6.953,0.362,0.153,synthetic_demo
26.45787,80.348596,Kanpur,Kanpur Central Station,Independent House,858.0,6362070,7415,2,1,27,2.0,12,14,3,1,12,16,0.434,0.447,8.536,0.339,0.366,0.768,0.738,synthetic_demo
26.527886,80.237091,Kanpur,IIT Kanpur,Apartment,1018.0,3396048,3336,2,1,19,2.0,3,1,1,0,3,3,1.774,7.219,22.026,2.791,6.34,0.24,0.308,synthetic_demo
26.508448,80.267373,Kanpur,Kalyanpur,Plot,1088.0,5503104,5058,0,0,0,2.0,2,5,0,1,8,6,0.792,5.236,18.323,1.822,2.641,0.411,0.436,synthetic_demo
26.461093,80.216364,Kanpur,Panki,Apartment,1183.0,4353440,3680,3,2,16,0.0,3,4,1,0,3,2,5.935,3.364,20.294,4.852,8.292,0.316,0.115,synthetic_demo
26.435418,80.241008,Kanpur,Panki,Builder Floor,1066.0,4320498,4053,2,1,12,1.0,4,1,2,0,3,8,7.749,3.302,17.188,6.663,7.064,0.362,0.248,synthetic_demo
26.410386,80.422566,Kanpur,Juhi,Independent House,1124.0,6077468,5407,2,1,8,3.0,5,6,1,1,3,4,8.868,6.643,1.409,0.229,8.285,0.387,0.51,synthetic_demo
26.459208,80.386758,Kanpur,Gwaltoli,Independent House,1368.0,7569144,5533,3,2,23,4.0,7,7,1,2,10,11,3.902,3.191,6.523,1.848,3.217,0.57,0.677,synthetic_demo
26.385454,80.20127,Kanpur,Panki,Builder Floor,1365.0,4357080,3192,3,2,28,1.0,1,2,1,0,3,2,14.386,9.991,20.906,13.219,12.981,0.259,0.148,synthetic_demo
26.459616,80.408804,Kanpur,Gwaltoli,Plot,2036.0,8162324,4009,0,0,0,1.0,5,7,0,1,8,5,6.085,5.015,6.141,3.169,5.398,0.448,0.385,synthetic_demo
26.49118,80.245636,Kanpur,Panki,Apartment,763.0,3401454,4458,2,1,12,1.0,5,3,1,0,5,4,2.188,3.053,19.005,0.72,4.452,0.349,0.296,synthetic_demo
26.51121,80.368783,Kanpur,Civil Lines,Apartment,650.0,3587350,5519,1,1,0,1.0,7,9,2,1,7,3,5.636,6.636,12.569,5.823,4.659,0.557,0.438,synthetic_demo
26.519585,80.33584,Kanpur,Swaroop Nagar,Apartment,716.0,2967820,4145,2,1,16,2.0,4,5,2,1,3,4,4.727,7.424,14.788,5.344,3.947,0.423,0.447,synthetic_demo
26.402434,80.295221,Kanpur,Barra,Builder Floor,1655.0,5299310,3202,4,3,29,2.0,1,5,1,0,3,5,7.778,5.158,11.444,8.21,5.411,0.372,0.256,synthetic_demo
26.546055,80.298015,Kanpur,Vikas Nagar,Independent House,592.0,2620784,4427,1,1,9,1.0,5,2,1,0,7,2,5.623,10.299,19.302,6.781,5.567,0.343,0.284,synthetic_demo
26.411247,80.403317,Kanpur,Juhi,Builder Floor,792.0,3908520,4935,2,1,5,3.0,4,7,2,1,2,4,7.276,4.985,1.018,1.383,6.749,0.451,0.492,synthetic_demo
26.396389,80.311606,Kanpur,Barra,Independent House,1677.0,7118865,4245,4,3,2,2.0,2,6,0,1,3,4,7.36,5.112,9.85,8.072,5.159,0.323,0.387,synthetic_demo
26.441459,80.238216,Kanpur,Panki,Independent House,1453.0,5464733,3761,3,2,4,0.0,4,1,2,0,2,6,7.204,2.767,17.605,6.133,7.217,0.323,0.152,synthetic_demo
26.503824,80.377321,Kanpur,Civil Lines,Apartment,1071.0,5136516,4796,2,1,22,3.0,11,7,4,1,5,4,5.859,6.18,11.527,5.489,4.688,0.589,0.623,synthetic_demo
26.476399,80.348335,Kanpur,Mall Road,Apartment,1701.0,12492144,7344,4,3,3,5.0,11,22,3,1,11,18,2.23,2.495,10.095,1.468,0.621,0.831,0.795,synthetic_demo
26.415044,80.226091,Kanpur,Panki,Apartment,1107.0,4814343,4349,2,1,22,1.0,4,7,2,0,4,3,10.379,5.941,18.364,9.292,9.215,0.475,0.245,synthetic_demo
26.543882,80.382039,Kanpur,Civil Lines,Plot,1748.0,4702120,2690,0,0,0,0.0,5,2,0,0,4,2,9.206,10.497,15.759,9.637,8.402,0.205,0.183,synthetic_demo
26.541668,80.208193,Kanpur,IIT Kanpur,Builder Floor,746.0,2892242,3877,2,1,2,1.0,3,0,1,1,4,4,4.007,9.586,25.236,3.506,9.585,0.244,0.324,synthetic_demo
26.506074,80.276503,Kanpur,Kalyanpur,Independent House,766.0,4138698,5403,2,1,23,2.0,5,6,0,2,8,8,1.324,5.371,17.456,1.892,1.746,0.451,0.604,synthetic_demo
26.528305,80.300695,Kanpur,Vikas Nagar,Independent House,1306.0,5528298,4233,3,2,4,1.0,6,3,1,2,7,2,3.746,8.751,17.562,5.033,3.587,0.369,0.511,synthetic_demo
26.534162,80.371729,Kanpur,Civil Lines,Builder Floor,1138.0,4897952,4304,3,2,2,1.0,7,6,0,1,5,5,7.727,9.177,14.926,8.211,6.968,0.372,0.426,synthetic_demo
26.476786,80.283506,Kanpur,Kakadeo,Independent House,798.0,4097730,5135,2,1,17,0.0,2,5,3,1,5,8,2.232,3.625,14.955,0.903,1.924,0.537,0.327,synthetic_demo
26.514813,80.391759,Kanpur,Civil Lines,Plot,590.0,2446730,4147,0,0,0,1.0,7,4,2,0,7,5,7.719,7.948,12.412,7.229,6.569,0.475,0.335,synthetic_demo
26.444138,80.368631,Kanpur,Juhi,Plot,1068.0,6024588,5641,0,0,0,3.0,10,10,1,1,13,10,2.328,0.734,6.048,0.561,1.742,0.647,0.666,synthetic_demo
26.386554,80.306758,Kanpur,Barra,Independent House,1052.0,3388492,3221,2,1,27,0.0,2,5,0,0,2,6,8.551,6.293,10.483,9.26,6.348,0.295,0.085,synthetic_demo
26.467919,80.317998,Kanpur,Rawatpur,Apartment,1097.0,7456309,6797,2,1,20,4.0,10,11,5,1,9,5,0.252,3.052,11.575,0.631,0.164,0.723,0.792,synthetic_demo
26.526814,80.241787,Kanpur,IIT Kanpur,Independent House,1177.0,4496140,3820,3,2,15,,3,1,1,0,4,1,1.856,7.032,21.587,2.842,5.888,0.24,0.311,synthetic_demo
26.500193,80.233413,Kanpur,IIT Kanpur,Plot,594.0,2620728,4412,0,0,0,2.0,6,2,0,0,3,6,1.387,4.35,20.564,0.208,5.656,0.229,0.39,synthetic_demo
26.380381,80.347989,Kanpur,Barra,Independent House,1127.0,5002753,4439,3,2,9,1.0,3,4,1,0,2,1,8.186,6.71,6.738,7.484,6.832,0.285,0.218,synthetic_demo
26.517604,80.260191,Kanpur,Kalyanpur,Apartment,756.0,3306744,4374,2,1,6,1.0,1,4,1,0,4,5,1.776,6.046,19.523,2.523,3.811,0.366,0.187,synthetic_demo
26.471096,80.372017,Kanpur,Civil Lines,Independent House,1082.0,7462554,6897,2,1,14,3.0,15,16,2,4,8,16,3.054,2.916,8.329,2.054,2.381,0.733,0.814,synthetic_demo
26.538621,80.376794,Kanpur,Civil Lines,Apartment,1286.0,4435414,3449,3,2,27,0.0,7,4,0,0,5,5,8.425,9.785,15.288,8.881,7.639,0.32,0.247,synthetic_demo
26.498735,80.358332,Kanpur,Civil Lines,Independent House,749.0,4687242,6258,2,1,18,5.0,10,10,2,2,8,9,3.959,5.046,11.687,4.119,2.931,0.623,0.75,synthetic_demo
26.447284,80.260343,Kanpur,Panki,Plot,1882.0,9805220,5210,0,0,0,2.0,1,5,4,2,6,4,6.095,2.125,15.656,4.764,4.958,0.568,0.452,synthetic_demo
26.408604,80.210501,Kanpur,Panki,Plot,1711.0,5950858,3478,0,0,0,0.0,3,7,2,0,2,4,11.671,7.308,19.884,10.499,10.925,0.451,0.113,synthetic_demo
26.487008,80.204225,Kanpur,IIT Kanpur,Apartment,775.0,2351350,3034,2,1,15,0.0,3,1,0,0,2,1,3.967,5.225,22.461,2.584,8.604,0.109,0.115,synthetic_demo
26.51721,80.409943,Kanpur,Civil Lines,Apartment,1614.0,6470526,4009,4,3,0,2.0,4,0,2,0,2,5,9.349,9.232,12.544,8.399,8.206,0.285,0.331,synthetic_demo
26.439371,80.310817,Kanpur,Govind Nagar,Independent House,1177.0,7550455,6415,3,2,11,0.0,7,11,2,2,9,8,3.461,1.325,10.624,3.84,1.178,0.643,0.574,synthetic_demo
26.389595,80.428587,Kanpur,Juhi,Builder Floor,652.0,2709712,4156,1,1,7,1.0,5,3,2,1,7,3,10.756,8.459,2.47,1.612,10.225,0.437,0.375,synthetic_demo
26.474695,80.336297,Kanpur,Arya Nagar,Apartment,1180.0,7757320,6574,3,2,10,,15,10,4,1,14,9,1.089,2.665,10.728,0.749,0.298,0.742,0.875,synthetic_demo
26.403334,80.337397,Kanpur,Barra,Independent House,978.0,3729114,3813,2,1,29,2.0,1,4,1,0,4,5,5.732,4.396,7.242,6.042,4.121,0.366,0.273,synthetic_demo
26.48254,80.377278,Kanpur,Civil Lines,Apartment,961.0,5939941,6181,2,1,9,4.0,10,12,4,1,5,10,4.309,4.19,9.283,3.402,3.442,0.693,0.664,synthetic_demo
26.398148,80.321967,Kanpur,Barra,Apartment,886.0,4055222,4577,2,1,25,2.0,2,8,1,1,3,6,6.73,4.769,8.805,7.407,4.696,0.451,0.391,synthetic_demo
26.438383,80.342288,Kanpur,Kidwai Nagar,Apartment,948.0,6139248,6476,2,1,29,2.0,10,9,2,0,15,11,1.827,1.844,7.738,2.542,1.227,0.691,0.595,synthetic_demo
26.420667,80.294779,Kanpur,Barra,Plot,743.0,2891013,3891,0,0,0,2.0,2,4,1,1,6,3,5.915,3.685,11.626,6.334,3.581,0.384,0.409,synthetic_demo
26.449872,80.371149,Kanpur,Gwaltoli,Independent House,633.0,4798140,7580,1,1,18,2.0,11,13,1,1,13,12,2.35,1.403,6.373,0.1,1.673,0.696,0.642,synthetic_demo
26.491812,80.254978,Kanpur,Kalyanpur,Apartment,1026.0,4358448,4248,2,1,29,2.0,4,3,1,0,3,4,1.445,3.132,18.248,0.331,3.52,0.309,0.367,synthetic_demo
26.401807,80.409872,Kanpur,Juhi,Apartment,1842.0,6583308,3574,4,3,4,1.0,3,4,2,1,3,6,8.464,6.162,0.289,1.767,7.952,0.417,0.325,synthetic_demo
26.395796,80.398069,Kanpur,Juhi,Apartment,683.0,2876113,4211,2,1,6,0.0,4,4,3,0,1,5,8.17,5.881,1.533,3.031,7.737,0.432,0.151,synthetic_demo
26.424853,80.317285,Kanpur,Barra,Apartment,987.0,4735626,4798,2,1,15,1.0,5,5,1,1,5,6,4.456,1.916,9.519,5.016,2.1,0.417,0.461,synthetic_demo
26.480865,80.262517,Kanpur,Panki,Apartment,1737.0,9583029,5517,4,3,0,4.0,2,4,3,1,4,5,2.355,2.251,16.976,1.206,3.209,0.481,0.542,synthetic_demo
26.445155,80.292388,Kanpur,Govind Nagar,Builder Floor,1610.0,7354480,4568,4,3,29,0.0,4,9,5,0,6,5,3.693,3.181,12.567,3.877,1.835,0.672,0.286,synthetic_demo
26.427417,80.276373,Kanpur,Barra,Builder Floor,1084.0,5486124,5061,2,1,7,1.0,3,5,4,0,12,2,6.227,4.842,13.561,6.27,4.18,0.628,0.242,synthetic_demo
26.434934,80.296801,Kanpur,Govind Nagar,Apartment,656.0,3744448,5708,1,1,7,2.0,4,5,2,2,7,7,4.387,2.791,11.782,4.784,2.123,0.511,0.571,synthetic_demo
26.459697,80.39094,Kanpur,Gwaltoli,Apartment,1582.0,7641060,4830,4,3,10,6.0,7,7,0,1,8,8,4.321,3.534,6.438,2.135,3.637,0.473,0.7,synthetic_demo
26.425226,80.238937,Kanpur,Panki,Independent House,894.0,3561696,3984,2,1,8,1.0,5,2,1,0,5,4,8.894,4.45,17.202,7.791,7.595,0.323,0.277,synthetic_demo
26.484344,80.415496,Kanpur,Civil Lines,Independent House,1515.0,8494605,5607,3,2,6,4.0,5,7,3,0,10,5,7.518,7.19,8.906,5.777,6.897,0.615,0.496,synthetic_demo
26.545985,80.351875,Kanpur,Swaroop Nagar,Plot,1361.0,4443665,3265,0,0,0,2.0,4,1,1,0,4,4,7.986,10.23,16.776,8.635,7.256,0.274,0.333,synthetic_demo
26.499181,80.228905,Kanpur,IIT Kanpur,Apartment,988.0,4229628,4281,2,1,15,2.0,5,2,0,0,3,2,1.524,4.44,20.892,0.469,6.097,0.181,0.363,synthetic_demo
26.482861,80.235878,Kanpur,Panki,Apartment,801.0,3040596,3796,2,1,27,0.0,5,2,2,0,6,1,3.329,2.525,19.416,1.92,5.585,0.378,0.193,synthetic_demo
26.413262,80.220521,Kanpur,Panki,Builder Floor,1353.0,5387646,3982,3,2,18,1.0,3,8,2,0,4,2,10.775,6.36,18.906,9.669,9.802,0.488,0.214,synthetic_demo
26.431073,80.324702,Kanpur,Govind Nagar,Builder Floor,986.0,7453174,7559,2,1,1,3.0,6,7,1,1,10,10,3.447,1.106,9.007,4.065,1.119,0.564,0.645,synthetic_demo
26.446434,80.269773,Kanpur,Panki,Independent House,729.0,3704778,5082,2,1,19,1.0,1,4,3,1,8,1,5.382,2.773,14.734,4.526,4.029,0.511,0.296,synthetic_demo
26.413483,80.306399,Kanpur,Barra,Plot,1600.0,4649600,2906,0,0,0,1.0,3,3,1,0,2,4,6.12,3.526,10.377,6.631,3.759,0.288,0.251,synthetic_demo
26.435535,80.427813,Kanpur,Gwaltoli,Apartment,1362.0,5130654,3767,3,2,26,2.0,4,7,0,0,6,3,8.207,6.365,3.885,2.244,7.54,0.396,0.332,synthetic_demo
26.517698,80.387098,Kanpur,Civil Lines,Apartment,1140.0,5144820,4513,3,2,16,2.0,7,6,2,0,7,6,7.514,7.997,12.805,7.299,6.425,0.523,0.41,synthetic_demo
26.427954,80.231806,Kanpur,Panki,Independent House,525.0,2046450,3898,1,1,29,2.0,5,4,1,0,2,5,8.835,4.398,17.947,7.755,8.167,0.326,0.358,synthetic_demo
26.445279,80.351735,Kanpur,Juhi,Plot,864.0,5893344,6821,0,0,0,2.0,10,13,2,3,16,7,1.039,0.989,7.378,1.431,1.018,0.729,0.752,synthetic_demo
26.52995,80.374076,Kanpur,Civil Lines,Builder Floor,885.0,3934710,4446,2,1,5,2.0,8,7,0,0,6,5,7.5,8.784,14.414,7.905,6.672,0.414,0.433,synthetic_demo
26.543686,80.235024,Kanpur,IIT Kanpur,Apartment,1176.0,3632664,3089,3,2,20,0.0,3,0,1,0,1,2,3.47,8.985,23.314,4.358,7.601,0.148,0.116,synthetic_demo
26.392985,80.341227,Kanpur,Barra,Apartment,676.0,2913560,4310,2,1,9,2.0,1,6,1,0,0,2,6.818,5.597,6.976,6.747,5.318,0.309,0.257,synthetic_demo
26.513057,80.269164,Kanpur,Kalyanpur,Apartment,1096.0,4990088,4553,2,1,10,1.0,2,4,0,1,8,6,1.333,5.779,18.515,2.362,2.804,0.387,0.358,synthetic_demo
26.42375,80.333106,Kanpur,Kidwai Nagar,Apartment,1307.0,5835755,4465,3,2,14,2.0,3,5,1,0,6,10,3.676,2.122,7.964,4.399,1.823,0.467,0.416,synthetic_demo
26.384876,80.420754,Kanpur,Juhi,Apartment,527.0,2007343,3809,1,1,27,1.0,4,4,2,0,7,2,10.563,8.256,2.417,2.513,10.07,0.451,0.245,synthetic_demo
26.485198,80.278679,Kanpur,Vikas Nagar,Apartment,1093.0,5915316,5412,2,1,11,4.0,2,3,3,3,4,4,1.647,3.702,15.872,0.198,1.64,0.451,0.702,synthetic_demo
26.449826,80.288495,Kanpur,Govind Nagar,Apartment,3313.0,17025507,5139,5,4,13,2.0,4,9,4,1,4,3,3.617,3.669,13.12,3.527,2.143,0.603,0.5,synthetic_demo
26.44996,80.363168,Kanpur,Gwaltoli,Independent House,1269.0,9956574,7846,3,2,5,5.0,10,15,2,1,16,15,1.575,1.221,6.892,0.357,0.929,0.778,0.771,synthetic_demo
26.397716,80.385274,Kanpur,Kidwai Nagar,Apartment,995.0,4057610,4078,2,1,10,2.0,2,5,2,1,4,7,7.276,5.056,2.582,3.683,6.917,0.465,0.379,synthetic_demo
26.491401,80.423991,Kanpur,Civil Lines,Independent House,661.0,3576010,5410,1,1,11,4.0,6,3,3,0,8,4,8.632,8.343,9.772,6.904,8.008,0.513,0.515,synthetic_demo
26.394035,80.32477,Kanpur,Barra,Plot,1511.0,4866931,3221,0,0,0,3.0,1,8,1,1,2,5,7.058,5.223,8.577,7.612,5.109,0.426,0.434,synthetic_demo
26.429202,80.279198,Kanpur,Barra,Apartment,1479.0,5986992,4048,3,2,15,1.0,2,5,3,0,9,1,5.894,4.65,13.324,5.987,3.836,0.544,0.218,synthetic_demo
26.467955,80.335529,Kanpur,Arya Nagar,Apartment,1514.0,9068860,5990,3,2,19,6.0,12,11,4,1,13,11,1.465,2.104,10.25,0.053,0.16,0.752,0.849,synthetic_demo
26.541046,80.277194,Kanpur,Kalyanpur,Builder Floor,1005.0,3284340,3268,2,1,28,0.0,3,2,0,1,5,1,4.536,8.984,20.146,5.542,5.141,0.217,0.251,synthetic_demo
26.392059,80.301596,Kanpur,Barra,Apartment,1301.0,4383069,3369,3,2,24,1.0,2,7,0,0,1,6,8.294,5.882,10.894,8.956,6.01,0.33,0.19,synthetic_demo
26.457509,80.271606,Kanpur,Panki,Apartment,1514.0,8349710,5515,3,2,5,2.0,2,5,6,1,6,2,4.655,2.269,15.001,3.314,3.915,0.636,0.402,synthetic_demo
26.38714,80.429427,Kanpur,Juhi,Apartment,999.0,4262733,4267,2,1,10,1.0,4,3,2,1,8,4,11.001,8.701,2.718,1.77,10.476,0.462,0.35,synthetic_demo
26.396854,80.40993,Kanpur,Juhi,Apartment,1806.0,7267344,4024,4,3,0,1.0,3,4,2,0,5,7,8.855,6.548,0.839,2.185,8.362,0.459,0.215,synthetic_demo
26.394928,80.283191,Kanpur,Barra,Apartment,2273.0,9317027,4099,5,4,3,2.0,1,7,2,1,1,7,9.001,6.539,12.684,9.404,6.65,0.459,0.354,synthetic_demo
26.537481,80.309617,Kanpur,Vikas Nagar,Apartment,1898.0,6885944,3628,4,3,22,3.0,5,5,1,0,4,1,5.008,10.097,17.861,6.293,4.621,0.353,0.444,synthetic_demo
26.50112,80.295665,Kanpur,Vikas Nagar,Builder Floor,1311.0,8977728,6848,3,2,12,3.0,7,8,1,0,7,7,0.801,6.14,15.667,2.04,0.799,0.52,0.629,synthetic_demo
26.477975,80.297124,Kanpur,Kakadeo,Independent House,917.0,6419000,7000,2,1,6,7.0,5,5,5,0,9,9,2.126,4.905,13.909,0.309,0.844,0.669,0.749,synthetic_demo
26.54966,80.203253,Kanpur,IIT Kanpur,Builder Floor,1171.0,5364351,4581,3,2,6,1.0,3,0,1,1,3,6,5.016,10.6,26.168,4.436,10.48,0.244,0.323,synthetic_demo
26.482718,80.300477,Kanpur,Kakadeo,Independent House,716.0,5130856,7166,2,1,7,6.0,7,3,4,2,11,9,1.808,5.196,13.963,0.298,0.241,0.627,0.837,synthetic_demo
26.42039,80.3402,Kanpur,Kidwai Nagar,Apartment,729.0,3648645,5005,2,1,28,1.0,4,6,2,1,8,6,3.817,2.803,7.185,4.348,2.395,0.537,0.424,synthetic_demo
26.534474,80.4164,Kanpur,Civil Lines,Independent House,880.0,3467200,3940,2,1,15,2.0,2,7,0,0,2,3,10.97,11.136,14.477,10.336,9.843,0.32,0.274,synthetic_demo
26.50069,80.240133,Kanpur,IIT Kanpur,Plot,1642.0,5829100,3550,0,0,0,2.0,6,3,0,0,5,6,1.552,4.196,20.024,0.076,4.995,0.302,0.394,synthetic_demo
26.49807,80.408855,Kanpur,Civil Lines,Independent House,2026.0,10910010,5385,5,4,9,3.0,8,3,4,0,9,0,7.791,7.653,10.416,6.62,7.024,0.546,0.496,synthetic_demo
26.413255,80.332311,Kanpur,Barra,Apartment,1882.0,9344130,4965,4,3,1,2.0,2,5,2,0,3,4,4.792,3.194,7.809,5.448,2.966,0.423,0.332,synthetic_demo
26.478472,80.292569,Kanpur,Kakadeo,Independent House,1564.0,8830344,5646,3,2,21,3.0,3,4,5,1,6,8,1.966,4.532,14.31,0.415,1.137,0.617,0.598,synthetic_demo
26.464055,80.282337,Kanpur,Kakadeo,Apartment,1316.0,5431132,4127,3,2,26,3.0,2,7,4,0,5,2,3.513,3.219,14.347,2.264,2.971,0.577,0.407,synthetic_demo
26.44141,80.241174,Kanpur,Panki,Builder Floor,631.0,2542930,4030,1,1,14,0.0,4,1,2,0,4,6,7.11,2.661,17.318,6.036,6.926,0.362,0.153,synthetic_demo
26.396166,80.275399,Kanpur,Barra,Apartment,930.0,2644920,2844,2,1,26,1.0,1,4,2,0,1,4,9.196,6.948,13.447,9.545,6.88,0.362,0.153,synthetic_demo
26.411156,80.234885,Kanpur,Panki,Independent House,1345.0,4915975,3655,3,2,5,0.0,4,3,2,0,2,3,10.472,6.066,17.466,9.391,8.633,0.346,0.149,synthetic_demo
26.465677,80.271459,Kanpur,Panki,Apartment,2454.0,11636868,4742,5,4,20,7.0,3,5,6,0,7,3,3.844,2.144,15.394,2.472,3.64,0.652,0.637,synthetic_demo
26.520456,80.256644,Kanpur,Kalyanpur,Apartment,600.0,2201400,3669,1,1,28,1.0,2,4,1,0,4,4,2.179,6.312,19.997,2.697,4.284,0.356,0.209,synthetic_demo
26.476054,80.282958,Kanpur,Kakadeo,Builder Floor,758.0,3185874,4203,2,1,23,1.0,2,4,3,1,5,8,2.326,3.544,14.957,0.998,2.019,0.518,0.397,synthetic_demo
26.493483,80.363271,Kanpur,Civil Lines,Apartment,1193.0,7891695,6615,3,2,7,5.0,9,13,2,1,8,5,4.089,4.59,10.948,3.83,2.882,0.645,0.698,synthetic_demo
26.442562,80.325243,Kanpur,Govind Nagar,Plot,954.0,5730678,6007,0,0,0,3.0,11,11,2,1,12,10,2.598,0.213,9.456,2.912,0.533,0.683,0.746,synthetic_demo
26.471606,80.41691,Kanpur,Gwaltoli,Apartment,1192.0,5646504,4737,3,2,18,4.0,5,8,1,0,8,8,7.133,6.394,7.504,4.717,6.469,0.542,0.497,synthetic_demo
26.473678,80.227408,Kanpur,Panki,Independent House,422.0,1828948,4334,1,1,20,1.0,4,2,2,0,3,3,4.352,2.493,19.754,3.165,6.708,0.34,0.249,synthetic_demo
26.392735,80.241833,Kanpur,Barra,Apartment,872.0,3348480,3840,2,1,19,1.0,3,3,3,0,1,2,11.394,7.966,16.809,11.061,9.29,0.381,0.214,synthetic_demo
26.472511,80.300658,Kanpur,Kakadeo,Independent House,1337.0,8298759,6207,3,2,15,7.0,7,9,6,2,11,8,1.65,4.204,13.27,0.754,0.999,0.756,0.822,synthetic_demo
26.479399,80.208469,Kanpur,Panki,Builder Floor,1254.0,4128168,3292,3,2,21,0.0,3,1,0,1,3,0,4.372,4.474,21.738,3.226,8.329,0.122,0.238,synthetic_demo
26.391058,80.32411,Kanpur,Barra,Apartment,700.0,3410400,4872,2,1,5,3.0,3,7,1,1,2,5,7.392,5.553,8.692,7.918,5.443,0.402,0.476,synthetic_demo
26.499647,80.263293,Kanpur,Kalyanpur,Builder Floor,1880.0,10058000,5350,4,3,2,1.0,2,5,0,2,4,9,0.271,4.179,18.049,0.769,2.691,0.366,0.451,synthetic_demo
26.424141,80.203645,Kanpur,Panki,Independent House,1326.0,5634174,4249,3,2,15,1.0,3,6,1,0,3,4,10.233,6.399,20.677,9.124,10.981,0.387,0.214,synthetic_demo
26.516728,80.321781,Kanpur,Vikas Nagar,Builder Floor,1518.0,7406322,4879,3,2,5,0.0,9,8,2,0,7,3,3.913,7.512,15.274,4.562,2.892,0.539,0.361,synthetic_demo
26.486095,80.318054,Kanpur,Swaroop Nagar,Apartment,1069.0,6239753,5837,2,1,25,1.0,7,5,4,2,18,6,1.198,4.767,12.904,1.256,0.108,0.708,0.716,synthetic_demo
26.461123,80.404307,Kanpur,Gwaltoli,Apartment,1575.0,5693625,3615,4,3,29,3.0,8,5,1,0,5,4,5.661,4.707,6.334,3.042,4.977,0.4,0.504,synthetic_demo
26.540165,80.211705,Kanpur,IIT Kanpur,Apartment,1044.0,4061160,3890,2,1,15,2.0,3,0,1,2,4,4,3.67,9.287,24.857,3.34,9.2,0.244,0.484,synthetic_demo
26.475428,80.352673,Kanpur,Civil Lines,Apartment,604.0,4176660,6915,1,1,17,4.0,12,21,1,1,12,21,2.428,2.4,9.75,1.572,0.936,0.801,0.761,synthetic_demo
26.474177,80.28135,Kanpur,Kakadeo,Apartment,1399.0,6548719,4681,3,2,16,2.0,2,5,3,1,5,8,2.575,3.319,14.984,1.249,2.278,0.537,0.452,synthetic_demo
26.425053,80.282204,Kanpur,Barra,Apartment,1525.0,6917400,4536,3,2,0,0.0,2,4,4,1,10,3,6.081,4.524,12.942,6.314,3.91,0.595,0.24,synthetic_demo
26.547243,80.24534,Kanpur,IIT Kanpur,Independent House,680.0,2445960,3597,2,1,18,0.0,4,1,1,1,1,4,4.074,9.268,22.83,5.083,7.203,0.205,0.27,synthetic_demo
26.530284,80.253834,Kanpur,IIT Kanpur,Apartment,922.0,3607786,3913,2,1,3,0.0,2,2,1,0,3,0,2.93,7.38,20.926,3.619,5.229,0.237,0.094,synthetic_demo
26.532161,80.315073,Kanpur,Vikas Nagar,Apartment,668.0,2750824,4118,1,1,19,3.0,5,3,2,0,3,2,4.732,9.353,17.067,5.93,4.148,0.356,0.45,synthetic_demo
26.540186,80.219477,Kanpur,IIT Kanpur,Apartment,1544.0,6759632,4378,3,2,6,1.0,4,0,1,3,5,2,3.311,9.0,24.248,3.469,8.556,0.244,0.519,synthetic_demo
26.48112,80.426092,Kanpur,Civil Lines,Apartment,988.0,4340284,4393,2,1,16,2.0,4,7,2,0,9,3,8.338,7.755,8.678,6.105,7.692,0.548,0.332,synthetic_demo
26.536227,80.372126,Kanpur,Civil Lines,Builder Floor,784.0,3246544,4141,2,1,27,1.0,7,5,0,2,5,4,7.936,9.409,15.138,8.432,7.189,0.336,0.506,synthetic_demo
26.397264,80.406016,Kanpur,Juhi,Independent House,944.0,3721248,3942,2,1,14,0.0,4,4,2,0,3,6,8.554,6.249,0.892,2.399,8.077,0.417,0.15,synthetic_demo
26.510156,80.331822,Kanpur,Swaroop Nagar,Plot,2092.0,8290596,3963,0,0,0,2.0,7,6,1,1,9,4,3.622,6.496,14.107,4.227,2.861,0.488,0.532,synthetic_demo
26.443373,80.332543,Kanpur,Govind Nagar,Plot,1474.0,8736398,5927,0,0,0,1.0,11,9,2,0,10,5,1.94,0.891,8.856,2.498,0.143,0.607,0.669,synthetic_demo
26.428163,80.257078,Kanpur,Panki,Apartment,769.0,3912672,5088,2,1,15,0.0,2,2,4,0,7,4,7.565,4.047,15.466,6.86,5.802,0.528,0.088,synthetic_demo
26.466779,80.405679,Kanpur,Gwaltoli,Plot,930.0,3591660,3862,0,0,0,4.0,8,6,1,0,5,2,5.915,5.173,6.95,3.629,5.244,0.405,0.559,synthetic_demo
26.494555,80.235078,Kanpur,IIT Kanpur,Builder Floor,866.0,3974074,4589,2,1,26,2.0,6,2,1,0,4,5,2.03,3.708,20.102,0.735,5.474,0.313,0.391,synthetic_demo
26.518542,80.253846,Kanpur,Kalyanpur,Builder Floor,738.0,3174138,4301,2,1,10,1.0,3,4,1,0,4,2,2.099,6.077,20.076,2.401,4.38,0.336,0.238,synthetic_demo
26.538004,80.276391,Kanpur,Kalyanpur,Apartment,867.0,3535626,4078,2,1,1,0.0,3,2,0,1,5,1,4.189,8.638,19.946,5.199,4.838,0.217,0.255,synthetic_demo
26.405989,80.23406,Kanpur,Panki,Independent House,1180.0,4917060,4167,3,2,14,0.0,5,3,2,0,3,2,10.902,6.643,17.534,9.955,9.001,0.356,0.182,synthetic_demo
26.419694,80.255255,Kanpur,Panki,Independent House,814.0,4516072,5548,2,1,2,0.0,2,2,3,0,9,3,8.311,4.954,15.514,7.801,6.404,0.501,0.085,synthetic_demo
26.510825,80.261054,Kanpur,Kalyanpur,Builder Floor,1598.0,6409578,4011,4,3,3,1.0,3,5,0,0,5,6,1.024,5.322,18.979,1.85,3.317,0.356,0.263,synthetic_demo
26.507957,80.424696,Kanpur,Civil Lines,Apartment,1107.0,4381506,3958,2,1,7,1.0,3,3,2,2,3,4,9.709,9.569,11.606,8.43,8.938,0.375,0.418,synthetic_demo
26.402439,80.275416,Kanpur,Barra,Apartment,1253.0,4588486,3662,3,2,16,1.0,2,4,2,0,4,5,8.578,6.465,13.416,8.894,6.289,0.426,0.189,synthetic_demo
26.38752,80.402009,Kanpur,Kidwai Nagar,Builder Floor,1417.0,4814966,3398,3,2,15,2.0,3,5,2,0,3,3,9.142,6.863,2.043,3.483,8.718,0.414,0.304,synthetic_demo
26.535946,80.334417,Kanpur,Vikas Nagar,Builder Floor,547.0,2570900,4700,1,1,4,2.0,4,6,2,2,0,5,6.266,9.24,16.453,6.991,5.356,0.402,0.512,synthetic_demo
26.486018,80.245764,Kanpur,Panki,Apartment,1188.0,4705668,3961,3,2,21,1.0,4,4,1,0,5,2,2.54,2.484,18.71,1.251,4.544,0.356,0.266,synthetic_demo
26.423543,80.334628,Kanpur,Kidwai Nagar,Builder Floor,1249.0,6965673,5577,3,2,24,2.0,3,6,2,1,6,9,3.639,2.211,7.812,4.35,1.877,0.53,0.494,synthetic_demo
26.399379,80.236896,Kanpur,Panki,Builder Floor,834.0,3195054,3831,2,1,3,0.0,5,2,2,0,2,4,11.193,7.303,17.26,10.543,9.19,0.33,0.182,synthetic_demo
26.434634,80.352982,Kanpur,Juhi,Apartment,1383.0,8610558,6226,3,2,13,1.0,8,12,2,2,15,7,2.21,1.2,6.607,2.325,2.151,0.709,0.586,synthetic_demo
26.538807,80.331512,Kanpur,Vikas Nagar,Plot,721.0,2671305,3705,0,0,0,1.0,4,5,2,1,0,5,6.302,9.604,16.869,7.187,5.469,0.378,0.36,synthetic_demo
26.456176,80.317048,Kanpur,Rawatpur,Independent House,692.0,5457112,7886,2,1,23,4.0,8,14,5,1,12,7,1.537,1.824,10.908,1.881,0.464,0.782,0.751,synthetic_demo
26.417854,80.402933,Kanpur,Juhi,Apartment,766.0,3910430,5105,2,1,1,3.0,5,10,1,0,3,3,6.788,4.534,1.658,0.846,6.23,0.47,0.434,synthetic_demo
26.431437,80.33822,Kanpur,Kidwai Nagar,Apartment,1431.0,7903413,5523,3,2,10,3.0,7,7,2,1,11,14,2.691,1.771,7.764,3.41,1.252,0.639,0.65,synthetic_demo
26.398517,80.297576,Kanpur,Barra,Apartment,1036.0,3337992,3222,2,1,17,1.0,2,5,1,0,2,4,7.954,5.407,11.226,8.506,5.612,0.343,0.193,synthetic_demo
26.528797,80.203107,Kanpur,IIT Kanpur,Builder Floor,1327.0,4886014,3682,3,2,1,1.0,1,1,1,0,3,3,3.392,8.584,24.817,2.189,9.383,0.24,0.149,synthetic_demo
26.42201,80.258049,Kanpur,Panki,Apartment,940.0,4027900,4285,2,1,12,0.0,2,3,4,0,8,3,7.932,4.737,15.268,7.464,6.033,0.553,0.087,synthetic_demo
26.403309,80.366581,Kanpur,Kidwai Nagar,Builder Floor,990.0,4956930,5007,2,1,15,1.0,3,7,2,2,5,4,5.933,3.977,4.336,4.343,5.456,0.498,0.426,synthetic_demo
26.51585,80.22847,Kanpur,IIT Kanpur,Apartment,1092.0,4203108,3849,2,1,8,2.0,5,1,0,1,0,8,0.504,6.151,21.92,1.245,6.51,0.148,0.45,synthetic_demo
26.541729,80.240311,Kanpur,IIT Kanpur,Builder Floor,1188.0,3883572,3269,3,2,29,2.0,3,1,1,1,1,2,3.343,8.697,22.777,4.338,7.075,0.181,0.403,synthetic_demo
26.387836,80.325557,Kanpur,Barra,Independent House,1225.0,5415725,4421,3,2,15,4.0,2,7,1,1,2,5,7.689,5.914,8.62,8.123,5.785,0.402,0.515,synthetic_demo
26.454912,80.29306,Kanpur,Kakadeo,Builder Floor,1018.0,7296006,7167,2,1,11,5.0,5,9,4,0,5,4,2.914,3.447,12.937,2.842,1.774,0.621,0.626,synthetic_demo
26.493026,80.261901,Kanpur,Kalyanpur,Apartment,734.0,3338966,4549,2,1,19,1.0,2,4,0,2,4,5,1.019,3.438,17.743,0.034,2.819,0.299,0.447,synthetic_demo
26.400252,80.357187,Kanpur,Kidwai Nagar,Independent House,1353.0,7249374,5358,3,2,2,0.0,3,7,2,2,4,3,6.046,4.362,5.29,5.164,5.164,0.475,0.355,synthetic_demo
26.424105,80.411286,Kanpur,Juhi,Apartment,1510.0,6542830,4333,3,2,11,2.0,5,10,1,0,2,4,7.124,4.991,2.194,0.218,6.512,0.462,0.361,synthetic_demo
26.410711,80.396481,Kanpur,Juhi,Builder Floor,2496.0,10193664,4084,5,4,18,2.0,4,6,2,0,3,4,6.817,4.512,1.527,1.864,6.326,0.446,0.336,synthetic_demo
26.48024,80.264681,Kanpur,Panki,Apartment,1418.0,7167990,5055,3,2,1,4.0,2,3,3,1,4,3,2.421,2.323,16.755,1.196,3.066,0.443,0.545,synthetic_demo
26.523887,80.359112,Kanpur,Swaroop Nagar,Independent House,1219.0,4734596,3884,3,2,15,3.0,3,4,1,1,4,2,6.074,7.826,14.223,6.626,5.419,0.336,0.476,synthetic_demo
26.476731,80.259541,Kanpur,Panki,Apartment,646.0,3139560,4860,1,1,24,3.0,2,2,2,1,4,4,2.845,1.705,17.012,1.738,3.708,0.369,0.473,synthetic_demo
26.420639,80.251681,Kanpur,Panki,Independent House,1095.0,4583670,4186,2,1,18,0.0,2,3,2,0,8,3,8.51,4.824,15.88,7.827,6.659,0.454,0.083,synthetic_demo
26.414161,80.35855,Kanpur,Kidwai Nagar,Apartment,1419.0,7773282,5478,3,2,1,2.0,3,7,2,1,9,9,4.553,2.815,5.247,3.837,4.033,0.587,0.424,synthetic_demo
26.461962,80.39946,Kanpur,Gwaltoli,Apartment,965.0,4978435,5159,2,1,5,3.0,7,5,1,1,5,6,5.199,4.357,6.488,2.835,4.517,0.417,0.559,synthetic_demo
26.383514,80.393769,Kanpur,Kidwai Nagar,Apartment,1440.0,5019840,3486,3,2,13,1.0,3,3,2,0,3,3,9.067,6.845,2.835,4.349,8.7,0.366,0.215,synthetic_demo
26.522513,80.244855,Kanpur,IIT Kanpur,Builder Floor,1243.0,5147263,4141,3,2,1,1.0,3,1,1,0,3,2,1.688,6.526,21.049,2.502,5.368,0.229,0.226,synthetic_demo
26.441615,80.30929,Kanpur,Govind Nagar,Builder Floor,1149.0,6326394,5506,3,2,23,0.0,7,13,2,1,9,10,3.248,1.466,10.858,3.66,0.93,0.68,0.529,synthetic_demo
26.497887,80.3686,Kanpur,Civil Lines,Apartment,1260.0,6700680,5318,3,2,5,3.0,9,7,3,2,3,7,4.782,5.226,11.186,4.507,3.599,0.539,0.659,synthetic_demo
26.441713,80.417378,Kanpur,Gwaltoli,Apartment,1781.0,7562126,4246,4,3,8,3.0,4,5,0,0,7,5,7.041,5.323,4.212,2.103,6.364,0.384,0.411,synthetic_demo
26.393246,80.247385,Kanpur,Barra,Apartment,1796.0,6465600,3600,4,3,28,1.0,3,3,3,1,1,2,10.995,7.872,16.254,10.816,8.852,0.381,0.324,synthetic_demo
26.446252,80.203642,Kanpur,Panki,Builder Floor,1242.0,4997808,4024,3,2,25,1.0,2,5,2,0,1,3,7.899,5.019,21.079,6.831,10.215,0.378,0.182,synthetic_demo
26.520725,80.200411,Kanpur,IIT Kanpur,Independent House,1654.0,5072818,3067,4,3,27,1.0,2,1,1,0,1,1,3.27,8.009,24.556,1.523,9.333,0.169,0.182,synthetic_demo
26.454697,80.215249,Kanpur,Panki,Apartment,957.0,3091110,3230,2,1,27,1.0,2,3,1,0,3,1,6.651,3.611,20.192,5.554,8.738,0.277,0.183,synthetic_demo
26.460668,80.405764,Kanpur,Gwaltoli,Apartment,906.0,3307806,3651,2,1,11,2.0,7,5,0,0,5,5,5.798,4.806,6.272,3.086,5.112,0.346,0.417,synthetic_demo
26.544747,80.308909,Kanpur,Vikas Nagar,Apartment,1107.0,4226526,3818,2,1,14,2.0,4,4,1,0,5,1,5.738,10.723,18.574,7.022,5.412,0.346,0.34,synthetic_demo
26.402087,80.248407,Kanpur,Barra,Apartment,707.0,3115749,4407,2,1,18,1.0,3,1,2,2,2,3,10.182,6.886,16.106,9.864,8.111,0.292,0.419,synthetic_demo
26.48227,80.40366,Kanpur,Civil Lines,Builder Floor,1303.0,5803562,4454,3,2,25,2.0,7,8,3,1,7,3,6.37,6.215,8.683,4.901,5.746,0.583,0.495,synthetic_demo
26.46504,80.26873,Kanpur,Panki,Apartment,803.0,4628492,5764,2,1,17,6.0,3,5,6,0,6,2,4.041,1.868,15.608,2.632,3.887,0.636,0.587,synthetic_demo
26.549334,80.254111,Kanpur,IIT Kanpur,Apartment,662.0,2097216,3168,1,1,22,0.0,3,2,1,0,2,1,4.639,9.497,22.378,5.603,6.896,0.225,0.118,synthetic_demo
26.443215,80.356818,Kanpur,Juhi,Independent House,2549.0,19629849,7701,5,4,7,2.0,11,11,2,3,15,10,1.486,0.855,6.84,1.332,1.206,0.711,0.753,synthetic_demo
26.449144,80.229503,Kanpur,Panki,Independent House,1869.0,6100416,3264,4,3,24,0.0,2,3,2,0,2,3,6.807,2.625,18.659,5.637,7.95,0.346,0.08,synthetic_demo
26.384494,80.360338,Kanpur,Kidwai Nagar,Apartment,937.0,3241083,3459,2,1,19,1.0,3,5,2,0,1,4,7.826,6.072,5.428,6.395,6.842,0.387,0.218,synthetic_demo
26.469621,80.392215,Kanpur,Gwaltoli,Apartment,1369.0,6994221,5109,3,2,20,8.0,8,8,2,1,3,7,4.732,4.414,7.468,3.099,4.091,0.511,0.77,synthetic_demo
26.404363,80.312699,Kanpur,Barra,Builder Floor,1168.0,4337952,3714,3,2,10,1.0,3,7,0,1,4,3,6.544,4.226,9.701,7.238,4.301,0.359,0.346,synthetic_demo
26.437176,80.311801,Kanpur,Govind Nagar,Independent House,1584.0,8832384,5576,4,3,25,0.0,6,10,1,2,9,9,3.686,1.287,10.445,4.033,1.429,0.595,0.538,synthetic_demo
26.465439,80.230698,Kanpur,Panki,Independent House,990.0,4161960,4204,2,1,29,2.0,2,3,2,1,3,2,5.245,1.928,19.109,3.906,6.808,0.356,0.379,synthetic_demo
26.415247,80.41018,Kanpur,Juhi,Apartment,958.0,4388598,4581,2,1,12,4.0,4,7,1,1,4,4,7.543,5.303,1.206,0.605,6.973,0.429,0.549,synthetic_demo
26.515204,80.29255,Kanpur,Vikas Nagar,Independent House,1001.0,3948945,3945,2,1,19,0.0,6,7,0,2,7,2,2.15,7.096,16.992,3.393,2.139,0.405,0.495,synthetic_demo
26.428173,80.228171,Kanpur,Panki,Independent House,1453.0,5610033,3861,3,2,24,2.0,5,4,1,0,1,5,8.95,4.538,18.309,7.858,8.507,0.306,0.357,synthetic_demo
26.420525,80.368976,Kanpur,Juhi,Plot,836.0,4724236,5651,0,0,0,4.0,4,9,2,2,9,12,4.268,2.113,4.471,2.659,3.955,0.636,0.626,synthetic_demo
26.527801,80.395875,Kanpur,Civil Lines,Independent House,745.0,2824295,3791,2,1,16,2.0,6,3,1,0,4,3,8.889,9.401,13.794,8.693,7.829,0.32,0.383,synthetic_demo
26.453273,80.332511,Kanpur,Kanpur Central Station,Apartment,977.0,7347040,7520,2,1,16,7.0,13,12,3,3,11,10,1.544,1.606,9.446,1.527,0.157,0.716,0.905,synthetic_demo
26.394388,80.215762,Kanpur,Panki,Independent House,1114.0,4329004,3886,2,1,26,3.0,3,4,2,0,1,2,12.894,8.458,19.388,11.791,11.23,0.343,0.381,synthetic_demo
26.547839,80.380694,Kanpur,Civil Lines,Apartment,1760.0,4290880,2438,4,3,29,0.0,5,2,0,0,3,2,9.483,10.878,16.216,9.964,8.721,0.181,0.183,synthetic_demo
26.410832,80.213912,Kanpur,Panki,Plot,1311.0,4802193,3663,0,0,0,2.0,3,7,2,0,2,3,11.297,6.918,19.552,10.149,10.514,0.443,0.303,synthetic_demo
26.423019,80.39604,Kanpur,Juhi,Independent House,669.0,3224580,4820,1,1,25,1.0,6,8,2,0,5,6,5.895,3.652,2.499,0.846,5.336,0.532,0.314,synthetic_demo
26.449523,80.391389,Kanpur,Gwaltoli,Apartment,929.0,4553958,4902,2,1,3,3.0,6,3,1,3,10,9,4.348,2.967,5.352,1.249,3.66,0.481,0.668,synthetic_demo
26.531704,80.235178,Kanpur,IIT Kanpur,Independent House,760.0,2738280,3603,2,1,11,2.0,3,0,1,0,1,2,2.148,7.672,22.44,3.121,6.738,0.148,0.307,synthetic_demo
26.520188,80.394469,Kanpur,Civil Lines,Apartment,1270.0,4461510,3513,3,2,19,2.0,6,4,1,0,6,3,8.272,8.598,12.969,7.881,7.155,0.384,0.384,synthetic_demo
26.423407,80.227451,Kanpur,Panki,Independent House,910.0,3890250,4275,2,1,18,1.0,5,6,2,0,1,3,9.466,5.041,18.312,8.377,8.739,0.402,0.275,synthetic_demo
26.510641,80.423903,Kanpur,Civil Lines,Apartment,1308.0,5913468,4521,3,2,5,2.0,3,3,2,2,3,5,9.835,9.699,11.893,8.624,9.023,0.384,0.484,synthetic_demo
26.428669,80.377828,Kanpur,Juhi,Apartment,936.0,5783544,6179,2,1,12,3.0,5,10,2,2,8,8,4.093,1.793,4.197,1.412,3.609,0.617,0.599,synthetic_demo
26.475538,80.322407,Kanpur,Rawatpur,Builder Floor,1062.0,7459488,7024,2,1,17,6.0,13,9,3,2,16,7,0.45,3.629,11.781,0.312,0.812,0.712,0.849,synthetic_demo
26.439398,80.325989,Kanpur,Govind Nagar,Apartment,795.0,4770000,6000,2,1,26,3.0,9,10,2,1,11,8,2.727,0.266,9.236,3.189,0.405,0.65,0.735,synthetic_demo
26.425679,80.413218,Kanpur,Juhi,Plot,1024.0,4514816,4409,0,0,0,2.0,6,10,0,0,3,3,7.217,5.12,2.386,0.475,6.595,0.414,0.386,synthetic_demo
26.420419,80.277304,Kanpur,Barra,Apartment,771.0,3612135,4685,2,1,13,0.0,2,4,4,0,10,2,6.783,5.182,13.344,6.964,4.618,0.589,0.102,synthetic_demo
26.401363,80.349331,Kanpur,Kidwai Nagar,Apartment,1077.0,4365081,4053,2,1,27,2.0,2,8,2,0,4,1,5.854,4.433,6.062,5.523,4.687,0.481,0.293,synthetic_demo
26.497557,80.418948,Kanpur,Civil Lines,Apartment,771.0,2915151,3781,2,1,24,2.0,6,4,3,0,7,1,8.563,8.416,10.396,7.162,7.88,0.496,0.383,synthetic_demo
26.432755,80.266228,Kanpur,Panki,Apartment,878.0,4424242,5039,2,1,2,1.0,2,4,4,1,11,4,6.535,3.832,14.67,6.067,4.762,0.613,0.313,synthetic_demo
26.537779,80.280101,Kanpur,Kalyanpur,Apartment,1777.0,5650860,3180,4,3,5,0.0,3,3,0,1,5,1,4.289,8.734,19.682,5.304,4.723,0.248,0.256,synthetic_demo
26.476988,80.251147,Kanpur,Panki,Builder Floor,1063.0,5156613,4851,2,1,16,3.0,3,1,3,0,5,4,3.061,1.449,17.765,2.001,4.405,0.423,0.401,synthetic_demo
26.39378,80.401868,Kanpur,Juhi,Independent House,1636.0,6859748,4193,4,3,16,1.0,4,3,3,0,3,5,8.58,6.285,1.438,2.96,8.135,0.443,0.246,synthetic_demo
26.427845,80.231195,Kanpur,Panki,Apartment,732.0,2858460,3905,2,1,19,2.0,5,4,1,0,2,5,8.869,4.435,18.006,7.787,8.229,0.326,0.358,synthetic_demo
26.429984,80.397332,Kanpur,Juhi,Apartment,797.0,4046369,5077,2,1,5,2.0,5,7,0,1,7,8,5.591,3.467,3.116,0.157,4.986,0.457,0.458,synthetic_demo
26.412038,80.419127,Kanpur,Juhi,Apartment,771.0,3365415,4365,2,1,21,4.0,5,6,1,1,3,4,8.481,6.255,1.237,0.307,7.9,0.387,0.565,synthetic_demo
26.413013,80.34001,Kanpur,Kidwai Nagar,Builder Floor,1326.0,5941806,4481,3,2,15,1.0,4,8,2,0,5,3,4.627,3.497,7.046,5.021,3.146,0.511,0.298,synthetic_demo
26.457316,80.3947,Kanpur,Gwaltoli,Apartment,1842.0,9016590,4895,4,3,7,5.0,7,4,0,1,9,8,4.664,3.673,6.081,2.141,3.974,0.423,0.658,synthetic_demo
26.523768,80.42269,Kanpur,Civil Lines,Apartment,1044.0,3032820,2905,2,1,16,2.0,2,3,1,0,0,1,10.744,10.621,13.332,9.73,9.667,0.209,0.275,synthetic_demo
26.381004,80.215704,Kanpur,Panki,Builder Floor,1293.0,5888322,4554,3,2,1,4.0,2,7,2,0,1,0,14.13,9.84,19.537,13.181,12.109,0.4,0.429,synthetic_demo
26.476702,80.344037,Kanpur,Arya Nagar,Apartment,1183.0,6536075,5525,3,2,29,6.0,13,17,4,0,11,16,1.801,2.589,10.387,1.301,0.271,0.808,0.825,synthetic_demo
26.453157,80.265336,Kanpur,Panki,Apartment,1618.0,7594892,4694,4,3,15,1.0,2,5,4,1,6,0,5.359,1.945,15.401,3.982,4.465,0.542,0.317,synthetic_demo
26.537242,80.259336,Kanpur,Kalyanpur,Builder Floor,1371.0,4359780,3180,3,2,10,0.0,2,2,1,0,2,2,3.861,8.197,21.057,4.53,5.488,0.237,0.091,synthetic_demo
26.489823,80.218341,Kanpur,IIT Kanpur,Plot,1309.0,4160002,3178,0,0,0,0.0,4,3,0,0,5,2,2.874,4.263,21.324,1.804,7.172,0.259,0.152,synthetic_demo
26.505206,80.277452,Kanpur,Kalyanpur,Independent House,1857.0,10547760,5680,4,3,13,2.0,5,6,0,2,8,7,1.385,5.335,17.321,1.834,1.612,0.443,0.611,synthetic_demo
26.526203,80.403278,Kanpur,Civil Lines,Apartment,1237.0,4404957,3561,3,2,9,2.0,5,1,1,0,3,2,9.374,9.632,13.561,8.879,8.254,0.229,0.358,synthetic_demo
26.494929,80.252306,Kanpur,Kalyanpur,Independent House,1043.0,5512255,5285,2,1,10,0.0,4,3,1,0,5,3,1.404,3.447,18.658,0.1,3.757,0.34,0.189,synthetic_demo
26.538103,80.304903,Kanpur,Vikas Nagar,Builder Floor,775.0,3116275,4021,2,1,9,1.0,5,3,1,0,3,0,4.911,9.887,18.184,6.195,4.656,0.267,0.293,synthetic_demo
26.540845,80.267186,Kanpur,Kalyanpur,Apartment,2129.0,6476418,3042,5,4,23,0.0,2,3,1,0,4,2,4.331,8.714,20.798,5.175,5.454,0.309,0.091,synthetic_demo
26.5217,80.322583,Kanpur,Vikas Nagar,Independent House,2359.0,8796711,3729,5,4,20,0.0,6,5,2,0,2,3,4.322,8.0,15.685,5.105,3.391,0.396,0.261,synthetic_demo
26.498672,80.286659,Kanpur,Vikas Nagar,Builder Floor,515.0,3352135,6509,1,1,2,3.0,5,4,1,2,6,9,0.446,5.308,16.153,1.475,0.445,0.437,0.729,synthetic_demo
26.391397,80.393696,Kanpur,Kidwai Nagar,Apartment,740.0,2861580,3867,2,1,27,1.0,2,3,3,1,2,5,8.316,6.063,2.182,3.684,7.925,0.426,0.297,synthetic_demo
26.442571,80.395569,Kanpur,Gwaltoli,Builder Floor,636.0,3003828,4723,1,1,11,1.0,5,5,0,2,9,7,4.903,3.168,4.484,0.869,4.236,0.437,0.481,synthetic_demo
26.541053,80.291622,Kanpur,Vikas Nagar,Apartment,1045.0,3726470,3566,2,1,26,1.0,5,4,1,1,6,1,5.012,9.517,19.234,6.041,4.984,0.366,0.388,synthetic_demo
26.500267,80.322185,Kanpur,Swaroop Nagar,Independent House,713.0,3989948,5596,2,1,27,2.0,8,8,2,1,14,9,2.505,5.833,13.793,2.869,1.416,0.659,0.611,synthetic_demo
26.51279,80.397123,Kanpur,Civil Lines,Apartment,1154.0,4633310,4015,3,2,17,0.0,8,3,3,0,5,4,8.066,8.057,12.122,7.287,6.869,0.467,0.278,synthetic_demo
26.436601,80.400779,Kanpur,Juhi,Apartment,777.0,4050501,5213,2,1,1,3.0,4,6,0,2,7,8,5.6,3.672,3.699,0.637,4.952,0.434,0.569,synthetic_demo
26.533105,80.398282,Kanpur,Civil Lines,Apartment,477.0,1646604,3452,1,1,7,1.0,4,2,0,0,3,4,9.449,10.032,14.36,9.324,8.415,0.205,0.246,synthetic_demo
26.43857,80.311308,Kanpur,Govind Nagar,Plot,1117.0,5436439,4867,0,0,0,0.0,7,11,2,2,9,9,3.54,1.292,10.546,3.906,1.27,0.648,0.567,synthetic_demo
26.496267,80.418142,Kanpur,Civil Lines,Apartment,834.0,4122462,4943,2,1,8,3.0,7,4,3,0,7,2,8.416,8.268,10.247,7.0,7.743,0.503,0.475,synthetic_demo
26.394342,80.41228,Kanpur,Juhi,Plot,2316.0,8529828,3683,0,0,0,2.0,4,5,2,0,4,6,9.218,6.912,1.139,2.248,8.726,0.457,0.331,synthetic_demo
26.395318,80.338537,Kanpur,Barra,Independent House,492.0,2232204,4537,1,1,23,2.0,1,8,1,0,2,2,6.593,5.282,7.199,6.695,5.013,0.4,0.26,synthetic_demo
26.429883,80.226667,Kanpur,Panki,Independent House,1151.0,4967716,4316,3,2,13,1.0,5,4,1,0,0,6,8.838,4.448,18.485,7.733,8.6,0.295,0.275,synthetic_demo
26.511774,80.301681,Kanpur,Vikas Nagar,Independent House,1491.0,8694021,5831,3,2,6,2.0,10,7,0,1,8,4,2.104,7.394,16.095,3.353,1.759,0.44,0.623,synthetic_demo
26.513637,80.402415,Kanpur,Civil Lines,Apartment,1510.0,6323880,4188,3,2,11,0.0,8,1,3,0,3,3,8.562,8.45,12.171,7.646,7.361,0.378,0.277,synthetic_demo
26.512219,80.385977,Kanpur,Civil Lines,Apartment,444.0,1935840,4360,1,1,18,1.0,9,5,2,0,8,5,7.078,7.408,12.227,6.71,5.941,0.511,0.388,synthetic_demo
26.496821,80.263687,Kanpur,Kalyanpur,Apartment,1219.0,5704920,4680,3,2,11,1.0,2,5,0,2,3,9,0.577,3.896,17.835,0.489,2.623,0.346,0.454,synthetic_demo
26.415251,80.211629,Kanpur,Panki,Apartment,1485.0,6626070,4462,3,2,7,1.0,3,7,2,0,2,2,10.965,6.632,19.803,9.77,10.533,0.434,0.214,synthetic_demo
26.415118,80.300757,Kanpur,Barra,Independent House,543.0,2597712,4784,1,1,14,3.0,2,5,1,0,5,3,6.313,3.693,10.955,6.703,3.965,0.39,0.383,synthetic_demo
26.425764,80.355206,Kanpur,Kidwai Nagar,Apartment,1434.0,9402738,6557,3,2,12,3.0,6,11,3,1,14,8,3.221,1.713,5.961,2.991,2.965,0.722,0.565,synthetic_demo
26.491996,80.397675,Kanpur,Civil Lines,Apartment,1334.0,5905618,4427,3,2,28,1.0,11,5,3,2,8,3,6.504,6.369,9.818,5.424,5.723,0.544,0.582,synthetic_demo
26.4845,80.258411,Kanpur,Panki,Apartment,565.0,2730645,4833,1,1,1,2.0,3,2,2,0,4,3,2.024,2.428,17.533,0.971,3.395,0.359,0.345,synthetic_demo
26.413071,80.287705,Kanpur,Barra,Plot,831.0,3720387,4477,0,0,0,2.0,2,6,2,0,4,2,6.97,4.765,12.228,7.366,4.649,0.446,0.293,synthetic_demo
26.44332,80.293209,Kanpur,Govind Nagar,Apartment,697.0,3886472,5576,2,1,21,1.0,4,9,5,0,7,5,3.796,3.076,12.418,4.039,1.829,0.682,0.367,synthetic_demo
26.428498,80.427024,Kanpur,Juhi,Independent House,1192.0,4672640,3920,3,2,23,2.0,5,8,0,0,7,3,8.363,6.383,3.166,1.595,7.714,0.437,0.358,synthetic_demo
26.476378,80.238215,Kanpur,Panki,Apartment,921.0,3447303,3743,2,1,15,1.0,4,2,2,1,6,2,3.834,1.808,18.893,2.511,5.598,0.387,0.359,synthetic_demo
26.548542,80.254178,Kanpur,IIT Kanpur,Apartment,886.0,2536618,2863,2,1,24,0.0,3,2,1,0,2,1,4.565,9.41,22.31,5.524,6.817,0.225,0.119,synthetic_demo
26.520778,80.215553,Kanpur,IIT Kanpur,Builder Floor,1168.0,4839024,4143,3,2,5,2.0,4,2,0,0,1,3,1.872,7.184,23.292,1.31,7.905,0.144,0.332,synthetic_demo
26.542565,80.25014,Kanpur,IIT Kanpur,Independent House,1010.0,3608730,3573,2,1,18,0.0,3,2,1,1,2,2,3.789,8.736,22.125,4.764,6.501,0.237,0.243,synthetic_demo
26.452725,80.320951,Kanpur,Govind Nagar,Builder Floor,1098.0,7839720,7140,2,1,23,5.0,9,17,4,1,11,14,1.961,1.339,10.377,2.104,0.95,0.802,0.76,synthetic_demo
26.54505,80.258203,Kanpur,IIT Kanpur,Apartment,631.0,2161806,3426,1,1,2,0.0,1,2,1,0,2,3,4.451,9.049,21.753,5.301,6.28,0.248,0.048,synthetic_demo
26.547265,80.292624,Kanpur,Vikas Nagar,Apartment,1764.0,5576004,3161,4,3,19,1.0,4,3,1,0,5,4,5.706,10.184,19.725,6.72,5.674,0.349,0.254,synthetic_demo
26.388168,80.2745,Kanpur,Barra,Plot,1025.0,3391725,3309,0,0,0,0.0,1,5,2,1,0,6,10.035,7.669,13.626,10.406,7.699,0.387,0.176,synthetic_demo
26.415218,80.20846,Kanpur,Panki,Independent House,1105.0,5203445,4709,2,1,0,1.0,2,8,2,0,3,3,11.079,6.821,20.117,9.883,10.829,0.481,0.182,synthetic_demo
26.518926,80.256061,Kanpur,Kalyanpur,Apartment,681.0,3427473,5033,2,1,0,1.0,3,4,1,0,4,2,2.041,6.137,19.932,2.518,4.225,0.336,0.241,synthetic_demo
26.43215,80.330102,Kanpur,Kidwai Nagar,Apartment,720.0,4796640,6662,2,1,5,2.0,7,7,1,1,9,7,3.013,1.157,8.543,3.712,0.868,0.53,0.634,synthetic_demo
26.534317,80.240212,Kanpur,IIT Kanpur,Independent House,982.0,3666788,3734,2,1,7,2.0,2,1,1,0,2,3,2.549,7.879,22.241,3.566,6.522,0.217,0.279,synthetic_demo
26.490141,80.367091,Kanpur,Civil Lines,Independent House,1016.0,6582664,6479,2,1,8,5.0,12,13,2,0,6,9,4.307,4.372,10.451,3.677,3.005,0.645,0.687,synthetic_demo
26.410123,80.20099,Kanpur,Panki,Apartment,1569.0,4884297,3113,3,2,27,0.0,3,6,1,1,4,2,11.806,7.727,20.835,10.67,11.729,0.387,0.237,synthetic_demo
26.535846,80.398381,Kanpur,Civil Lines,Independent House,1588.0,5199112,3274,4,3,13,2.0,4,2,0,0,3,4,9.656,10.305,14.663,9.597,8.644,0.205,0.331,synthetic_demo
26.500067,80.251381,Kanpur,Kalyanpur,Plot,1264.0,5018080,3970,0,0,0,1.0,5,3,0,0,4,8,1.274,4.013,19.048,0.4,3.874,0.302,0.306,synthetic_demo
26.53136,80.234968,Kanpur,IIT Kanpur,Independent House,1228.0,4731484,3853,3,2,4,2.0,3,0,1,0,1,2,2.107,7.638,22.432,3.078,6.733,0.148,0.307,synthetic_demo
26.435824,80.254073,Kanpur,Panki,Apartment,963.0,4175568,4336,2,1,18,1.0,3,1,2,0,7,5,7.327,3.159,15.925,6.169,5.791,0.408,0.223,synthetic_demo
26.499975,80.279768,Kanpur,Vikas Nagar,Apartment,1175.0,6219275,5293,3,2,5,3.0,4,5,1,2,6,6,1.11,4.978,16.772,1.372,1.11,0.434,0.669,synthetic_demo
26.450177,80.263515,Kanpur,Panki,Plot,1259.0,5365858,4262,0,0,0,1.0,2,6,4,1,4,1,5.737,2.043,15.458,4.354,4.633,0.539,0.314,synthetic_demo
26.510469,80.276327,Kanpur,Kalyanpur,Independent House,740.0,3811740,5151,2,1,29,2.0,3,6,0,3,8,5,1.546,5.794,17.789,2.341,2.101,0.426,0.616,synthetic_demo
26.45231,80.410455,Kanpur,Gwaltoli,Builder Floor,680.0,2713200,3990,2,1,19,1.0,3,3,0,2,7,6,6.22,4.856,5.327,2.61,5.53,0.343,0.426,synthetic_demo
26.544345,80.244939,Kanpur,IIT Kanpur,Plot,731.0,2458353,3363,0,0,0,0.0,4,1,1,1,1,3,3.757,8.948,22.636,4.769,6.979,0.193,0.271,synthetic_demo
26.483769,80.343161,Kanpur,Swaroop Nagar,Plot,1364.0,8661400,6350,0,0,0,4.0,12,13,3,1,11,12,1.824,3.375,11.059,1.955,0.711,0.736,0.773,synthetic_demo
26.511686,80.397498,Kanpur,Civil Lines,Apartment,1322.0,4941636,3738,3,2,17,0.0,8,3,3,0,5,4,8.041,7.98,11.995,7.202,6.832,0.467,0.278,synthetic_demo
26.392255,80.224718,Kanpur,Panki,Independent House,1456.0,5183360,3560,3,2,10,2.0,4,3,2,0,1,1,12.616,8.365,18.513,11.703,10.634,0.306,0.33,synthetic_demo
26.409309,80.392347,Kanpur,Juhi,Apartment,718.0,2793020,3890,2,1,27,1.0,5,5,2,0,3,6,6.648,4.344,1.85,2.247,6.187,0.44,0.281,synthetic_demo
26.419854,80.423894,Kanpur,Juhi,Apartment,1485.0,5546475,3735,3,2,21,2.0,5,9,0,1,5,4,8.457,6.332,2.2,0.661,7.838,0.434,0.447,synthetic_demo
26.430364,80.412776,Kanpur,Juhi,Apartment,1300.0,5597800,4306,3,2,14,2.0,6,7,0,1,6,5,6.964,4.951,2.899,0.845,6.325,0.414,0.472,synthetic_demo
26.474265,80.354292,Kanpur,Civil Lines,Independent House,1039.0,6286989,6051,2,1,28,5.0,12,21,1,1,12,20,2.339,2.297,9.551,1.532,1.008,0.798,0.785,synthetic_demo
26.482046,80.32958,Kanpur,Swaroop Nagar,Builder Floor,1537.0,12057765,7845,3,2,0,7.0,12,9,3,3,12,9,0.574,3.712,11.782,1.235,0.175,0.685,0.9,synthetic_demo
26.535043,80.238624,Kanpur,IIT Kanpur,Independent House,1657.0,5347139,3227,4,3,26,2.0,2,1,1,0,1,3,2.581,7.98,22.413,3.586,6.695,0.193,0.279,synthetic_demo
26.426419,80.213577,Kanpur,Panki,Apartment,783.0,2896317,3699,2,1,4,0.0,4,5,1,0,1,4,9.757,5.533,19.723,8.544,9.96,0.323,0.149,synthetic_demo
26.541544,80.200522,Kanpur,IIT Kanpur,Apartment,2426.0,8357570,3445,5,4,13,0.0,2,0,1,1,4,4,4.491,9.929,25.84,3.613,10.235,0.244,0.206,synthetic_demo
26.383633,80.24829,Kanpur,Barra,Apartment,911.0,3397119,3729,2,1,11,1.0,1,3,3,0,0,4,11.792,8.938,16.282,11.782,9.577,0.381,0.149,synthetic_demo
26.502805,80.301772,Kanpur,Vikas Nagar,Apartment,952.0,5462576,5738,2,1,18,5.0,9,7,0,0,10,8,1.395,6.721,15.363,2.426,0.784,0.503,0.732,synthetic_demo
26.457375,80.27211,Kanpur,Panki,Apartment,1108.0,5692904,5138,2,1,6,2.0,1,5,6,1,6,2,4.649,2.321,14.949,3.31,3.863,0.636,0.379,synthetic_demo
26.498061,80.38506,Kanpur,Civil Lines,Apartment,538.0,2971912,5524,1,1,13,1.0,11,5,4,1,3,5,6.133,6.027,10.709,5.278,4.99,0.535,0.519,synthetic_demo
26.434778,80.352223,Kanpur,Juhi,Apartment,1787.0,10554022,5906,4,3,2,1.0,9,12,2,1,15,8,2.178,1.263,6.68,2.357,2.143,0.713,0.539,synthetic_demo
26.539715,80.278362,Kanpur,Kalyanpur,Apartment,1243.0,3637018,2926,3,2,26,0.0,3,3,0,1,5,1,4.43,8.88,19.958,5.444,4.971,0.248,0.253,synthetic_demo
26.40872,80.419565,Kanpur,Juhi,Apartment,2082.0,9227424,4432,5,4,0,4.0,4,5,2,1,2,3,8.725,6.477,1.058,0.562,8.155,0.396,0.547,synthetic_demo
26.549824,80.377975,Kanpur,Civil Lines,Apartment,968.0,2810104,2903,2,1,22,0.0,5,2,0,0,3,2,9.515,11.018,16.484,10.035,8.796,0.181,0.183,synthetic_demo
26.508067,80.213805,Kanpur,IIT Kanpur,Builder Floor,863.0,3329454,3858,2,1,15,2.0,5,2,0,0,1,1,1.879,6.082,22.688,0.069,7.707,0.118,0.358,synthetic_demo
26.49335,80.422504,Kanpur,Civil Lines,Plot,452.0,1935916,4283,0,0,0,4.0,6,4,3,0,7,2,8.61,8.393,9.968,6.992,7.977,0.503,0.515,synthetic_demo
26.432289,80.236728,Kanpur,Panki,Apartment,1053.0,4321512,4104,2,1,0,1.0,4,1,0,0,2,7,8.213,3.766,17.541,7.135,7.562,0.185,0.247,synthetic_demo
26.535387,80.266208,Kanpur,Kalyanpur,Apartment,840.0,3123960,3719,2,1,23,0.0,2,3,1,1,5,1,3.719,8.1,20.428,4.575,4.958,0.32,0.223,synthetic_demo
26.540928,80.374246,Kanpur,Civil Lines,Apartment,1388.0,4311128,3106,3,2,18,0.0,5,4,0,1,2,4,8.486,9.967,15.595,8.99,7.749,0.244,0.298,synthetic_demo
26.510572,80.267193,Kanpur,Kalyanpur,Apartment,865.0,3622620,4188,2,1,25,1.0,3,5,0,1,8,5,1.005,5.454,18.487,2.036,2.785,0.402,0.384,synthetic_demo
26.421276,80.296534,Kanpur,Barra,Apartment,1114.0,4470482,4013,2,1,29,2.0,2,4,1,1,5,4,5.788,3.506,11.464,6.21,3.448,0.375,0.412,synthetic_demo
26.494811,80.309653,Kanpur,Vikas Nagar,Apartment,1199.0,7626839,6361,3,2,7,3.0,8,5,3,1,12,8,1.96,6.047,14.18,1.87,0.211,0.625,0.741,synthetic_demo
26.462913,80.216106,Kanpur,Panki,Builder Floor,1369.0,5172082,3778,3,2,24,0.0,3,5,1,0,3,3,5.747,3.376,20.382,4.672,8.223,0.353,0.115,synthetic_demo
26.396915,80.270773,Kanpur,Barra,Plot,2027.0,6968826,3438,0,0,0,1.0,1,4,3,0,1,3,9.34,7.22,13.902,9.627,7.053,0.414,0.152,synthetic_demo
26.502454,80.340909,Kanpur,Swaroop Nagar,Apartment,963.0,5558436,5772,2,1,2,2.0,9,9,1,1,9,7,3.098,5.46,12.897,3.743,2.674,0.566,0.573,synthetic_demo
26.418269,80.31274,Kanpur,Barra,Independent House,1685.0,7176415,4259,4,3,4,1.0,3,4,1,0,5,4,5.302,2.765,9.818,5.871,2.955,0.375,0.277,synthetic_demo
26.402909,80.209872,Kanpur,Panki,Apartment,3057.0,10305147,3371,5,4,16,0.0,3,5,2,0,2,4,12.265,7.881,19.942,11.111,11.26,0.405,0.113,synthetic_demo
26.522088,80.423447,Kanpur,Civil Lines,Apartment,1089.0,4048902,3718,2,1,10,2.0,2,5,1,0,0,4,10.663,10.538,13.154,9.624,9.635,0.302,0.275,synthetic_demo
26.534614,80.337995,Kanpur,Vikas Nagar,Apartment,1280.0,5662720,4424,3,2,12,2.0,4,5,2,2,0,4,6.407,9.041,16.16,6.977,5.437,0.369,0.511,synthetic_demo
26.474387,80.222689,Kanpur,Panki,Builder Floor,838.0,3528818,4211,2,1,15,1.0,4,2,2,0,3,2,4.349,2.954,20.217,3.255,7.12,0.33,0.248,synthetic_demo
26.477368,80.36957,Kanpur,Civil Lines,Apartment,1109.0,7541200,6800,2,1,19,3.0,13,17,2,3,9,13,3.371,3.26,9.062,2.537,2.49,0.739,0.764,synthetic_demo
26.497063,80.291902,Kanpur,Vikas Nagar,Apartment,1242.0,7651962,6161,3,2,14,5.0,7,4,1,2,8,7,0.223,5.56,15.641,1.49,0.219,0.454,0.817,synthetic_demo
26.458259,80.403496,Kanpur,Gwaltoli,Independent House,1296.0,5069952,3912,3,2,24,2.0,6,4,0,0,6,5,5.545,4.477,6.025,2.738,4.856,0.34,0.396,synthetic_demo
26.518492,80.223616,Kanpur,IIT Kanpur,Apartment,1222.0,4331990,3545,3,2,4,1.0,5,2,0,0,0,3,1.061,6.604,22.485,1.351,7.065,0.118,0.278,synthetic_demo
26.475939,80.401493,Kanpur,Civil Lines,Independent House,708.0,3966216,5602,2,1,15,3.0,7,7,2,0,4,3,5.857,5.55,8.001,4.207,5.229,0.475,0.482,synthetic_demo
26.530941,80.37368,Kanpur,Civil Lines,Apartment,1109.0,5044841,4549,2,1,3,2.0,6,7,0,1,5,6,7.561,8.879,14.53,7.984,6.747,0.405,0.471,synthetic_demo
26.549006,80.2173,Kanpur,IIT Kanpur,Independent House,1580.0,5081280,3216,4,3,3,0.0,3,0,1,1,3,4,4.304,9.997,25.036,4.374,9.315,0.221,0.238,synthetic_demo
26.526125,80.214925,Kanpur,IIT Kanpur,Builder Floor,870.0,2947560,3388,2,1,11,2.0,3,1,0,0,2,3,2.269,7.74,23.678,1.849,8.186,0.135,0.304,synthetic_demo
26.423231,80.247213,Kanpur,Panki,Apartment,876.0,3823740,4365,2,1,8,0.0,4,3,2,0,7,5,8.679,4.542,16.356,7.712,6.924,0.454,0.153,synthetic_demo
26.419951,80.297646,Kanpur,Barra,Builder Floor,894.0,3297966,3689,2,1,12,2.0,1,4,1,0,5,4,5.889,3.516,11.332,6.309,3.543,0.375,0.286,synthetic_demo
26.526304,80.230228,Kanpur,IIT Kanpur,Independent House,847.0,2691766,3178,2,1,29,0.0,3,0,1,1,1,3,1.534,7.202,22.457,2.39,6.832,0.161,0.241,synthetic_demo
26.481244,80.231325,Kanpur,Panki,Independent House,1026.0,4645728,4528,2,1,20,1.0,5,2,2,0,5,0,3.487,2.671,19.744,2.245,6.07,0.349,0.281,synthetic_demo
26.534179,80.318193,Kanpur,Vikas Nagar,Independent House,1003.0,4682004,4668,2,1,14,3.0,4,3,2,0,1,3,5.088,9.454,17.086,6.247,4.452,0.326,0.424,synthetic_demo
26.44383,80.323415,Kanpur,Govind Nagar,Builder Floor,733.0,5373623,7331,2,1,6,4.0,9,13,2,1,13,11,2.696,0.32,9.682,2.871,0.747,0.721,0.742,synthetic_demo
26.526129,80.226866,Kanpur,IIT Kanpur,Apartment,1362.0,4024710,2955,3,2,27,0.0,4,0,1,0,0,3,1.589,7.282,22.713,2.256,7.116,0.135,0.152,synthetic_demo
26.51109,80.328881,Kanpur,Swaroop Nagar,Apartment,1365.0,6653010,4874,3,2,6,1.0,7,8,1,0,9,4,3.691,6.681,14.357,4.222,2.78,0.528,0.39,synthetic_demo
26.491019,80.398183,Kanpur,Civil Lines,Apartment,913.0,4302969,4713,2,1,28,1.0,11,5,3,1,8,3,6.473,6.335,9.704,5.366,5.714,0.544,0.515,synthetic_demo
26.519934,80.240106,Kanpur,IIT Kanpur,Apartment,1248.0,4819776,3862,3,2,18,1.0,3,1,1,1,3,4,1.147,6.297,21.246,2.071,5.63,0.252,0.332,synthetic_demo
26.440158,80.219716,Kanpur,Panki,Builder Floor,1369.0,5636173,4117,3,2,3,1.0,2,4,2,0,1,2,8.147,4.015,19.371,6.907,9.065,0.343,0.182,synthetic_demo
26.513965,80.294313,Kanpur,Vikas Nagar,Apartment,1128.0,5530584,4903,3,2,5,1.0,7,6,0,0,7,3,2.043,7.093,16.771,3.326,2.032,0.39,0.426,synthetic_demo
26.429111,80.258659,Kanpur,Panki,Apartment,625.0,2594375,4151,1,1,12,0.0,2,2,4,0,7,3,7.376,3.974,15.329,6.707,5.615,0.52,0.09,synthetic_demo
26.416312,80.355077,Kanpur,Kidwai Nagar,Apartment,1009.0,5655445,5605,2,1,12,3.0,2,8,3,0,10,7,4.25,2.675,5.638,3.847,3.621,0.641,0.39,synthetic_demo
26.408055,80.33737,Kanpur,Barra,Independent House,745.0,3959675,5315,2,1,5,1.0,1,5,1,0,5,5,5.217,3.898,7.255,5.62,3.608,0.408,0.193,synthetic_demo
26.513546,80.381812,Kanpur,Civil Lines,Builder Floor,1031.0,5993203,5813,2,1,1,1.0,8,6,2,0,8,6,6.817,7.348,12.459,6.649,5.727,0.537,0.364,synthetic_demo
26.468859,80.36989,Kanpur,Civil Lines,Independent House,787.0,6379422,8106,2,1,11,3.0,16,19,1,4,8,8,2.735,2.594,8.21,1.73,2.078,0.705,0.826,synthetic_demo
26.386136,80.298303,Kanpur,Barra,Builder Floor,1473.0,5081850,3450,3,2,0,0.0,2,7,0,0,0,5,9.024,6.616,11.319,9.688,6.743,0.299,0.083,synthetic_demo
26.438648,80.209425,Kanpur,Panki,Apartment,1185.0,4690230,3958,3,2,1,0.0,2,7,1,0,1,1,8.525,4.926,20.343,7.42,10.103,0.346,0.078,synthetic_demo
26.524207,80.209883,Kanpur,IIT Kanpur,Apartment,1852.0,5589336,3018,4,3,9,1.0,3,1,0,0,2,3,2.551,7.795,23.973,1.571,8.568,0.135,0.215,synthetic_demo
26.544275,80.408136,Kanpur,Civil Lines,Apartment,1392.0,5405136,3883,3,2,1,4.0,1,6,0,0,6,3,11.005,11.596,15.555,10.872,9.987,0.372,0.406,synthetic_demo
26.429091,80.358699,Kanpur,Juhi,Apartment,1071.0,5667732,5292,2,1,12,3.0,6,10,2,1,14,8,2.968,1.222,5.809,2.489,2.779,0.68,0.57,synthetic_demo
26.515142,80.29793,Kanpur,Vikas Nagar,Apartment,786.0,3414384,4344,2,1,27,2.0,8,6,0,1,9,4,2.27,7.422,16.623,3.573,2.201,0.434,0.572,synthetic_demo
26.393744,80.20436,Kanpur,Panki,Apartment,1158.0,4831176,4172,3,2,0,2.0,2,2,2,0,1,3,13.422,9.038,20.526,12.252,12.233,0.299,0.274,synthetic_demo
26.52096,80.362359,Kanpur,Civil Lines,Apartment,991.0,4660673,4703,2,1,10,1.0,5,6,1,1,4,3,5.993,7.55,13.805,6.486,5.246,0.396,0.386,synthetic_demo
26.415331,80.29648,Kanpur,Barra,Apartment,1140.0,4865520,4268,3,2,0,3.0,2,6,1,0,5,1,6.413,3.957,11.381,6.829,4.063,0.396,0.381,synthetic_demo
26.532507,80.342848,Kanpur,Swaroop Nagar,Apartment,1031.0,4020900,3900,2,1,13,1.0,3,5,2,1,0,6,6.289,8.757,15.739,6.926,5.519,0.387,0.333,synthetic_demo
26.387821,80.250986,Kanpur,Barra,Builder Floor,881.0,2908181,3301,2,1,29,1.0,1,3,3,1,0,3,11.257,8.471,15.955,11.255,9.05,0.372,0.268,synthetic_demo
26.499378,80.285927,Kanpur,Vikas Nagar,Apartment,1192.0,5845568,4904,3,2,24,3.0,5,4,1,2,7,8,0.553,5.316,16.259,1.523,0.551,0.446,0.721,synthetic_demo
26.515724,80.230161,Kanpur,IIT Kanpur,Apartment,1787.0,8145146,4558,4,3,13,2.0,5,1,1,1,0,8,0.393,6.081,21.773,1.29,6.347,0.229,0.45,synthetic_demo
26.390463,80.425584,Kanpur,Juhi,Apartment,1314.0,5199498,3957,3,2,5,1.0,5,3,2,1,8,3,10.469,8.169,2.186,1.73,9.945,0.454,0.375,synthetic_demo
26.430367,80.201819,Kanpur,Panki,Apartment,809.0,3260270,4030,2,1,17,0.0,4,7,1,1,3,3,9.625,6.082,20.941,8.541,11.0,0.402,0.267,synthetic_demo
26.532406,80.345474,Kanpur,Swaroop Nagar,Builder Floor,1784.0,5963912,3343,4,3,22,1.0,3,4,2,1,0,3,6.352,8.729,15.62,7.006,5.658,0.333,0.332,synthetic_demo
26.546356,80.419034,Kanpur,Civil Lines,Apartment,1339.0,4744077,3543,3,2,20,1.0,1,8,0,0,5,5,11.978,12.366,15.81,11.592,10.912,0.42,0.148,synthetic_demo
26.41399,80.372221,Kanpur,Kidwai Nagar,Plot,2196.0,8757648,3988,0,0,0,0.0,4,10,2,1,6,7,5.061,2.899,3.92,3.056,4.745,0.587,0.285,synthetic_demo
26.391142,80.273409,Kanpur,Barra,Apartment,1403.0,4189358,2986,3,2,21,1.0,1,5,2,0,0,5,9.784,7.491,13.694,10.135,7.461,0.378,0.151,synthetic_demo
26.524081,80.256681,Kanpur,Kalyanpur,Plot,857.0,2916371,3403,0,0,0,1.0,1,4,1,0,4,3,2.561,6.714,20.257,3.074,4.545,0.346,0.172,synthetic_demo
26.481881,80.376191,Kanpur,Civil Lines,Apartment,698.0,3944398,5651,2,1,21,3.0,12,10,3,2,6,11,,4.064,9.253,3.285,3.312,0.648,0.701,synthetic_demo
26.534584,80.363436,Kanpur,Swaroop Nagar,Builder Floor,1486.0,6238228,4198,3,2,10,2.0,6,4,1,2,1,1,7.312,9.063,15.203,7.879,6.678,0.263,0.545,synthetic_demo
26.492186,80.341656,Kanpur,Swaroop Nagar,Independent House,960.0,6361920,6627,2,1,26,2.0,10,12,2,1,15,11,2.217,4.323,11.904,2.714,1.577,0.726,0.632,synthetic_demo
26.508553,80.221791,Kanpur,IIT Kanpur,Independent House,1270.0,4792980,3774,3,2,18,1.0,5,2,0,0,2,3,1.111,5.694,22.035,0.257,6.935,0.169,0.278,synthetic_demo
26.408882,80.411301,Kanpur,Juhi,Apartment,913.0,4708341,5157,2,1,9,4.0,3,6,1,1,2,2,8.056,5.779,0.513,1.075,7.51,0.349,0.53,synthetic_demo
26.437059,80.384799,Kanpur,Juhi,Builder Floor,1565.0,8199035,5239,3,2,25,3.0,6,7,1,0,9,10,4.12,2.082,4.42,0.253,3.512,0.551,0.482,synthetic_demo
26.517797,80.386557,Kanpur,Civil Lines,Apartment,1281.0,4852428,3788,3,2,26,2.0,7,6,2,0,7,6,7.477,7.982,12.825,7.284,6.393,0.523,0.41,synthetic_demo
26.390674,80.295942,Kanpur,Barra,Plot,683.0,2337909,3423,0,0,0,0.0,2,5,0,0,1,5,8.744,6.255,11.472,9.351,6.425,0.263,0.084,synthetic_demo
26.523604,80.353545,Kanpur,Swaroop Nagar,Apartment,1074.0,4492542,4183,2,1,21,3.0,2,5,1,1,3,3,5.764,7.749,14.401,6.374,5.22,0.353,0.456,synthetic_demo
26.448801,80.282819,Kanpur,Kakadeo,Apartment,534.0,3182106,5959,1,1,5,1.0,3,5,4,1,6,3,4.139,3.678,13.602,3.829,2.712,0.562,0.386,synthetic_demo
26.543662,80.354944,Kanpur,Swaroop Nagar,Plot,1420.0,4595120,3236,0,0,0,2.0,5,2,1,0,3,3,7.849,9.983,16.43,8.501,7.218,0.27,0.359,synthetic_demo
26.497931,80.37823,Kanpur,Civil Lines,Independent House,1709.0,9878020,5780,4,3,22,3.0,13,6,4,1,5,6,5.651,5.645,10.873,4.952,4.4,0.585,0.654,synthetic_demo
26.441778,80.256796,Kanpur,Panki,Plot,1030.0,4690620,4554,0,0,0,1.0,2,3,3,0,8,6,6.735,2.562,15.822,5.457,5.38,0.528,0.195,synthetic_demo
26.448202,80.230481,Kanpur,Panki,Plot,1498.0,4852022,3239,0,0,0,0.0,2,3,2,0,2,2,6.849,2.619,18.537,5.701,7.928,0.336,0.08,synthetic_demo
26.487473,80.318205,Kanpur,Swaroop Nagar,Independent House,1040.0,8975200,8630,2,1,2,2.0,7,6,4,3,17,5,1.308,4.873,13.001,1.404,0.026,0.706,0.79,synthetic_demo
26.466156,80.417302,Kanpur,Gwaltoli,Builder Floor,823.0,3606386,4382,2,1,25,2.0,5,7,1,0,8,6,7.03,6.105,6.904,4.251,6.352,0.508,0.362,synthetic_demo
26.521528,80.215702,Kanpur,IIT Kanpur,Apartment,1342.0,3373788,2514,3,2,27,2.0,3,2,0,0,2,3,1.901,7.25,23.326,1.393,7.92,0.169,0.304,synthetic_demo
26.543027,80.429309,Kanpur,Civil Lines,Apartment,809.0,2841208,3512,2,1,13,1.0,0,10,0,0,0,1,12.568,12.673,15.533,11.842,11.437,0.34,0.113,synthetic_demo
26.523016,80.284905,Kanpur,Vikas Nagar,Independent House,1070.0,5695610,5323,2,1,7,0.0,5,6,0,2,8,5,3.047,7.425,18.146,3.939,3.03,0.426,0.44,synthetic_demo
26.422839,80.269113,Kanpur,Barra,Apartment,3386.0,13581246,4011,5,4,14,0.0,1,4,4,0,10,3,7.087,4.957,14.189,6.996,5.063,0.595,0.059,synthetic_demo
26.504875,80.390165,Kanpur,Civil Lines,Plot,962.0,4171232,4336,0,0,0,1.0,10,5,3,1,4,5,7.044,6.938,11.347,6.183,5.814,0.501,0.495,synthetic_demo
26.478405,80.300856,Kanpur,Kakadeo,Apartment,683.0,4230502,6194,2,1,24,8.0,7,5,5,3,11,7,1.859,4.755,13.639,0.136,0.54,0.679,0.879,synthetic_demo
26.391244,80.324942,Kanpur,Barra,Apartment,1108.0,5130040,4630,2,1,6,3.0,2,8,1,1,2,5,7.346,5.533,8.607,7.853,5.414,0.426,0.455,synthetic_demo
26.54506,80.333297,Kanpur,Vikas Nagar,Apartment,1418.0,5776932,4074,3,2,2,1.0,2,6,2,0,2,4,6.951,10.258,17.409,7.897,6.159,0.429,0.189,synthetic_demo
26.44846,80.249189,Kanpur,Panki,Builder Floor,1577.0,7042882,4466,4,3,21,0.0,2,1,4,0,6,7,6.133,1.73,16.755,5.027,6.063,0.516,0.087,synthetic_demo
26.403706,80.231997,Kanpur,Panki,Builder Floor,748.0,3080264,4118,2,1,15,0.0,5,3,2,0,3,2,11.224,6.94,17.738,10.263,9.311,0.356,0.182,synthetic_demo
26.510298,80.354142,Kanpur,Swaroop Nagar,Apartment,1432.0,6866440,4795,3,2,15,2.0,5,4,1,1,7,10,4.554,6.275,13.026,5.063,3.839,0.462,0.471,synthetic_demo
26.467582,80.234929,Kanpur,Panki,Apartment,955.0,3647145,3819,2,1,25,1.0,3,3,2,2,3,3,4.798,1.552,18.803,3.537,6.324,0.366,0.422,synthetic_demo
26.520715,80.215179,Kanpur,IIT Kanpur,Apartment,1719.0,4856175,2825,4,3,26,2.0,3,2,0,0,1,3,1.901,7.196,23.319,1.29,7.938,0.144,0.304,synthetic_demo
26.459472,80.361454,Kanpur,Gwaltoli,Apartment,2099.0,14124171,6729,5,4,21,6.0,15,15,2,1,12,14,1.471,1.31,7.808,0.408,0.851,0.746,0.836,synthetic_demo
26.404558,80.345067,Kanpur,Kidwai Nagar,Builder Floor,1275.0,5407275,4241,3,2,9,2.0,1,7,1,0,5,1,5.505,4.269,6.477,5.485,4.197,0.42,0.271,synthetic_demo
26.516771,80.417081,Kanpur,Civil Lines,Independent House,922.0,3395726,3683,2,1,16,2.0,2,1,2,1,2,4,9.797,9.672,12.514,8.776,8.789,0.302,0.376,synthetic_demo
26.436752,80.374569,Kanpur,Juhi,Apartment,617.0,3857484,6252,1,1,4,3.0,8,9,1,1,12,13,3.267,1.082,5.046,0.877,2.728,0.638,0.604,synthetic_demo
26.495302,80.222688,Kanpur,IIT Kanpur,Independent House,1917.0,6057720,3160,4,3,10,0.0,5,1,0,0,4,1,2.135,4.416,21.22,1.086,6.707,0.161,0.187,synthetic_demo
26.439361,80.320453,Kanpur,Govind Nagar,Builder Floor,1007.0,7054035,7005,2,1,5,3.0,7,12,2,2,11,12,3.189,0.397,9.737,3.446,0.954,0.696,0.716,synthetic_demo
26.513674,80.398832,Kanpur,Civil Lines,Independent House,716.0,3234888,4518,2,1,11,0.0,8,2,3,0,4,4,8.262,8.237,12.202,7.458,7.064,0.429,0.278,synthetic_demo
26.547247,80.210363,Kanpur,IIT Kanpur,Independent House,1009.0,3489122,3458,2,1,26,1.0,3,0,1,1,4,4,4.413,10.062,25.447,4.119,9.747,0.244,0.324,synthetic_demo
26.514367,80.420248,Kanpur,Civil Lines,Apartment,1326.0,5042778,3803,3,2,14,0.0,2,3,2,3,3,4,9.837,9.707,12.269,8.745,8.923,0.375,0.412,synthetic_demo
26.390453,80.353587,Kanpur,Kidwai Nagar,Apartment,1010.0,4339970,4297,2,1,0,0.0,3,6,2,0,0,3,7.088,5.497,5.838,6.253,5.962,0.384,0.123,synthetic_demo
26.432092,80.422916,Kanpur,Juhi,Builder Floor,1337.0,5060545,3785,3,2,14,1.0,6,7,0,0,5,3,7.847,5.916,3.333,1.639,7.19,0.378,0.306,synthetic_demo
26.480984,80.416831,Kanpur,Civil Lines,Plot,856.0,3754416,4386,0,0,0,4.0,6,7,2,0,12,5,7.48,7.032,8.542,5.553,6.845,0.599,0.516,synthetic_demo
26.465096,80.267161,Kanpur,Panki,Apartment,660.0,3028740,4589,1,1,28,5.0,2,5,6,0,6,2,4.116,1.713,15.751,2.681,3.997,0.636,0.514,synthetic_demo
26.386592,80.372667,Kanpur,Kidwai Nagar,Apartment,1432.0,4729896,3303,3,2,23,0.0,4,5,2,0,2,3,7.888,5.891,4.222,5.433,7.279,0.396,0.152,synthetic_demo
26.478699,80.310179,Kanpur,Rawatpur,Independent House,1483.0,10337993,6971,3,2,11,4.0,7,4,5,3,13,6,1.182,4.412,12.932,0.217,0.161,0.68,0.826,synthetic_demo
26.479487,80.401569,Kanpur,Civil Lines,Independent House,1236.0,5969880,4830,3,2,21,3.0,7,8,3,1,5,3,6.039,5.853,8.392,4.529,5.419,0.557,0.553,synthetic_demo
26.393431,80.366799,Kanpur,Kidwai Nagar,Builder Floor,1491.0,7774074,5214,3,2,9,0.0,4,7,2,2,3,4,6.99,5.075,4.482,5.216,6.323,,0.374,synthetic_demo
26.401847,80.34861,Kanpur,Kidwai Nagar,Independent House,1554.0,6884220,4430,3,2,10,2.0,2,8,2,0,4,1,5.799,4.406,6.131,5.521,4.609,0.481,0.294,synthetic_demo
26.437708,80.211977,Kanpur,Panki,Apartment,1427.0,5167167,3621,3,2,0,1.0,2,5,1,0,1,0,8.563,4.783,20.074,7.429,9.865,0.281,0.182,synthetic_demo
26.405128,80.205892,Kanpur,Panki,Apartment,1883.0,5649000,3000,4,3,27,0.0,3,6,2,0,2,4,12.227,7.883,20.338,11.018,11.505,0.429,0.113,synthetic_demo
26.388203,80.242671,Kanpur,Barra,Plot,855.0,2443590,2858,0,0,0,0.0,2,3,3,0,0,2,11.726,8.46,16.773,11.502,9.58,0.362,0.078,synthetic_demo
26.48426,80.371395,Kanpur,Civil Lines,Independent House,1596.0,10169712,6372,4,3,14,5.0,12,14,3,1,8,9,4.092,3.993,9.68,3.297,3.038,0.709,0.73,synthetic_demo
26.490211,80.263941,Kanpur,Kalyanpur,Apartment,1365.0,6512415,4771,3,2,23,4.0,1,3,1,2,3,5,1.311,3.228,17.401,0.188,2.674,0.32,0.602,synthetic_demo
26.514258,80.238287,Kanpur,IIT Kanpur,Apartment,1046.0,4649470,4445,2,1,16,1.0,4,1,1,1,3,8,0.652,5.709,21.018,1.419,5.533,0.295,0.359,synthetic_demo
26.40421,80.368318,Kanpur,Kidwai Nagar,Apartment,687.0,3189741,4643,2,1,3,1.0,3,7,2,2,5,4,5.894,3.892,4.161,4.16,5.501,0.498,0.426,synthetic_demo
26.480663,80.232109,Kanpur,Panki,Independent House,1142.0,4802110,4205,3,2,9,1.0,5,2,2,0,5,1,3.551,2.57,19.646,2.278,6.012,0.359,0.282,synthetic_demo
26.428839,80.31262,Kanpur,Barra,Apartment,835.0,4807930,5758,2,1,9,0.0,6,8,1,2,8,6,4.498,1.764,10.081,4.838,2.127,0.528,0.496,synthetic_demo
26.415255,80.265027,Kanpur,Barra,Apartment,604.0,2611092,4323,1,1,4,1.0,2,3,3,0,9,2,7.989,5.623,14.498,7.924,5.904,0.513,0.191,synthetic_demo
26.449249,80.334287,Kanpur,Kanpur Central Station,Builder Floor,559.0,4352374,7786,1,1,19,5.0,12,11,2,1,14,6,1.464,1.375,9.048,1.841,0.134,0.683,0.831,synthetic_demo
26.425089,80.255113,Kanpur,Panki,Builder Floor,911.0,4025709,4419,2,1,20,0.0,2,3,4,0,7,2,7.931,4.357,15.605,7.247,6.126,0.532,0.086,synthetic_demo
26.381656,80.324565,Kanpur,Barra,Apartment,1823.0,5729689,3143,4,3,18,2.0,2,5,0,1,3,1,8.376,6.599,8.887,8.735,6.474,0.263,0.38,synthetic_demo
26.51406,80.396437,Kanpur,Civil Lines,Plot,719.0,2932801,4079,0,0,0,1.0,8,3,3,0,4,4,8.075,8.133,12.269,7.375,6.892,0.451,0.36,synthetic_demo
26.394283,80.273708,Kanpur,Barra,Plot,1060.0,3716360,3506,0,0,0,1.0,1,6,3,0,0,4,9.459,7.216,13.631,9.799,7.145,0.451,0.152,synthetic_demo
26.397948,80.372403,Kanpur,Kidwai Nagar,Builder Floor,1103.0,4434060,4020,2,1,26,2.0,3,6,2,1,5,3,6.69,4.641,3.822,4.484,6.285,0.47,0.405,synthetic_demo
26.412299,80.267532,Kanpur,Barra,Apartment,2056.0,9194432,4472,5,4,4,1.0,2,3,2,0,8,6,8.089,6.008,14.226,8.144,5.942,0.478,0.191,synthetic_demo
26.414709,80.286257,Kanpur,Barra,Builder Floor,385.0,1684760,4376,1,1,13,1.0,1,6,2,0,5,3,6.868,4.761,12.387,7.246,4.564,0.47,0.172,synthetic_demo
26.422098,80.255161,Kanpur,Panki,Apartment,1217.0,5813609,4777,3,2,5,0.0,2,3,3,0,9,3,8.141,4.688,15.555,7.555,6.277,0.52,0.085,synthetic_demo
26.443497,80.315587,Kanpur,Govind Nagar,Builder Floor,695.0,4476495,6441,2,1,24,3.0,7,13,2,1,9,13,2.95,0.882,10.367,3.247,0.909,0.694,0.673,synthetic_demo
26.505014,80.226385,Kanpur,IIT Kanpur,Independent House,441.0,1861020,4220,1,1,16,1.0,5,2,0,0,2,2,1.012,5.131,21.44,0.049,6.415,0.156,0.28,synthetic_demo
26.534258,80.287532,Kanpur,Vikas Nagar,Builder Floor,1020.0,3687300,3615,2,1,7,0.0,6,2,0,1,4,3,4.261,8.659,18.904,5.195,4.237,0.217,0.347,synthetic_demo
26.429005,80.410853,Kanpur,Juhi,Plot,1067.0,4724676,4428,0,0,0,3.0,6,8,0,1,6,4,6.847,4.796,2.737,0.607,6.216,0.429,0.532,synthetic_demo
26.382687,80.365287,Kanpur,Kidwai Nagar,Apartment,1299.0,5279136,4064,3,2,13,1.0,4,5,2,0,1,3,8.114,6.263,5.075,6.236,7.249,0.378,0.248,synthetic_demo
26.539999,80.281019,Kanpur,Kalyanpur,Apartment,2203.0,7805229,3543,5,4,12,0.0,3,3,0,0,5,2,4.552,8.997,19.81,5.566,4.947,0.259,0.133,synthetic_demo
26.401846,80.213503,Kanpur,Panki,Apartment,663.0,2634762,3974,1,1,11,2.0,4,4,1,0,2,4,12.219,7.808,19.582,11.096,10.997,0.316,0.33,synthetic_demo
26.491942,80.286861,Kanpur,Vikas Nagar,Builder Floor,919.0,5740074,6246,2,1,13,4.0,5,2,2,3,5,3,,4.808,15.662,0.784,0.535,0.378,0.788,synthetic_demo
26.549714,80.316298,Kanpur,Vikas Nagar,Builder Floor,592.0,2735040,4620,1,1,17,1.0,3,5,2,0,4,1,6.521,11.153,18.662,7.792,6.064,0.414,0.222,synthetic_demo
26.442088,80.292609,Kanpur,Govind Nagar,Apartment,706.0,3633076,5146,2,1,28,1.0,4,8,5,0,7,5,3.941,3.128,12.427,4.187,1.942,0.669,0.359,synthetic_demo
26.463116,80.396995,Kanpur,Gwaltoli,Independent House,1306.0,6156484,4714,3,2,4,5.0,8,4,1,1,3,5,4.982,4.24,6.658,2.795,4.305,0.346,0.668,synthetic_demo
26.493429,80.312645,Kanpur,Kakadeo,Apartment,1153.0,6142031,5327,3,2,24,3.0,8,6,3,2,12,7,2.17,5.736,13.861,1.83,0.255,0.634,0.774,synthetic_demo
26.54612,80.420986,Kanpur,Civil Lines,Independent House,2379.0,9742005,4095,5,4,8,1.0,1,9,0,0,4,5,12.112,12.454,15.796,11.67,11.035,0.426,0.148,synthetic_demo
26.458076,80.250997,Kanpur,Panki,Independent House,1075.0,5587850,5198,2,1,13,0.0,2,3,4,1,8,2,5.053,0.666,16.929,3.968,5.703,0.546,0.216,synthetic_demo
26.525007,80.267078,Kanpur,Kalyanpur,Independent House,784.0,3397072,4333,2,1,15,0.0,2,5,1,1,6,7,2.576,6.993,19.559,3.529,3.937,0.443,0.239,synthetic_demo
26.503432,80.359492,Kanpur,Civil Lines,Builder Floor,985.0,5356430,5438,2,1,20,4.0,9,8,2,3,6,6,4.371,5.581,12.11,4.634,3.417,0.546,0.741,synthetic_demo
26.520724,80.24177,Kanpur,IIT Kanpur,Independent House,962.0,4464642,4641,2,1,16,1.0,3,2,1,1,3,4,1.327,6.36,21.168,2.21,5.527,0.281,0.333,synthetic_demo
26.4851,80.208944,Kanpur,IIT Kanpur,Independent House,2329.0,7259493,3117,5,4,22,0.0,3,2,0,0,2,1,3.823,4.712,21.946,2.619,8.166,0.144,0.115,synthetic_demo
26.405321,80.264553,Kanpur,Barra,Plot,775.0,2413350,3114,0,0,0,0.0,2,1,2,0,3,4,8.888,6.684,14.496,8.97,6.704,0.323,0.083,synthetic_demo
26.468508,80.355105,Kanpur,Civil Lines,Plot,986.0,6728464,6824,0,0,0,4.0,13,21,1,2,11,21,1.761,1.697,8.989,1.004,0.756,0.795,0.81,synthetic_demo
26.406322,80.200606,Kanpur,Panki,Apartment,1023.0,3408636,3332,2,1,25,0.0,3,5,2,1,4,2,12.224,8.082,20.865,11.077,11.929,0.423,0.237,synthetic_demo
26.526395,80.293996,Kanpur,Vikas Nagar,Apartment,1305.0,5751135,4407,3,2,11,0.0,6,3,1,3,9,3,3.403,8.204,17.821,4.604,3.384,0.414,0.529,synthetic_demo
26.546164,80.205413,Kanpur,IIT Kanpur,Builder Floor,1067.0,4504874,4222,2,1,4,1.0,3,0,1,1,4,6,4.574,10.157,25.76,4.025,10.086,0.267,0.323,synthetic_demo
26.536522,80.323428,Kanpur,Vikas Nagar,Apartment,1655.0,7139670,4314,4,3,16,4.0,3,5,2,1,1,4,5.6,9.544,17.037,6.671,4.88,0.387,0.538,synthetic_demo
26.414481,80.378588,Kanpur,Juhi,Apartment,1496.0,6169504,4124,3,2,9,0.0,3,8,1,0,5,5,5.347,3.089,3.333,2.64,4.962,0.475,0.132,synthetic_demo
26.530255,80.278324,Kanpur,Kalyanpur,Independent House,1013.0,4529123,4471,2,1,8,0.0,4,5,0,2,4,6,3.45,7.888,19.181,4.462,3.962,0.336,0.395,synthetic_demo
26.380946,80.320797,Kanpur,Barra,Apartment,550.0,1843050,3351,1,1,13,2.0,3,5,0,1,1,2,8.563,6.685,9.269,9.018,6.594,0.229,0.404,synthetic_demo
26.384365,80.262344,Kanpur,Barra,Apartment,1974.0,7045206,3569,4,3,4,2.0,0,3,2,0,0,2,10.968,8.795,14.885,11.22,8.675,0.295,0.215,synthetic_demo
26.492141,80.218932,Kanpur,IIT Kanpur,Apartment,1115.0,4049680,3632,2,1,1,0.0,4,1,0,0,5,2,2.62,4.399,21.387,1.543,7.093,0.197,0.152,synthetic_demo
26.4653,80.247218,Kanpur,Panki,Plot,1140.0,5087820,4463,0,0,0,3.0,2,2,3,2,5,6,4.409,0.312,17.575,3.349,5.45,0.462,0.53,synthetic_demo
26.490313,80.219844,Kanpur,IIT Kanpur,Independent House,1891.0,6639301,3511,4,3,18,0.0,4,2,0,0,5,2,2.758,4.192,21.214,1.701,7.018,0.229,0.153,synthetic_demo
26.467568,80.311997,Kanpur,Rawatpur,Apartment,841.0,6208262,7382,2,1,10,4.0,6,12,5,2,10,5,0.567,3.187,12.031,0.875,0.395,0.742,0.773,synthetic_demo
26.411543,80.284082,Kanpur,Barra,Builder Floor,1171.0,5246080,4480,3,2,10,1.0,2,6,2,0,4,4,7.28,5.151,12.575,7.65,4.976,0.462,0.199,synthetic_demo
26.509097,80.382714,Kanpur,Civil Lines,Independent House,955.0,4982235,5217,2,1,9,2.0,10,6,3,0,7,5,6.619,6.947,11.957,6.254,5.471,0.562,0.481,synthetic_demo
26.479466,80.240818,Kanpur,Panki,Independent House,1106.0,5977930,5405,2,1,7,3.0,4,2,2,0,5,1,3.406,1.948,18.808,2.101,5.231,0.359,0.416,synthetic_demo
26.460067,80.376377,Kanpur,Gwaltoli,Independent House,763.0,4643618,6086,2,1,2,3.0,10,12,1,2,10,12,2.904,2.647,7.042,1.319,2.234,0.654,0.697,synthetic_demo
26.54641,80.292571,Kanpur,Vikas Nagar,Builder Floor,1057.0,4421431,4183,2,1,2,1.0,4,3,1,1,5,4,5.611,10.095,19.652,6.63,5.58,0.349,0.359,synthetic_demo
26.483489,80.375281,Kanpur,Civil Lines,Plot,1979.0,10462973,5287,0,0,0,3.0,12,12,3,1,7,9,4.257,4.145,9.453,3.399,3.326,0.675,0.652,synthetic_demo
26.407158,80.276884,Kanpur,Barra,Apartment,1378.0,4235972,3074,3,2,27,0.0,2,4,2,0,4,5,8.049,6.014,13.271,8.354,5.774,0.426,0.089,synthetic_demo
26.504705,80.203143,Kanpur,IIT Kanpur,Apartment,842.0,2845118,3379,2,1,15,0.0,3,3,0,0,1,3,3.003,6.499,23.428,0.9,8.706,0.177,0.115,synthetic_demo
26.405612,80.373091,Kanpur,Kidwai Nagar,Independent House,1151.0,6457110,5610,3,2,2,3.0,3,7,2,0,5,6,5.932,3.821,3.688,3.756,5.646,0.513,0.39,synthetic_demo
26.46031,80.272706,Kanpur,Panki,Independent House,1250.0,8055000,6444,3,2,3,4.0,2,5,6,0,6,3,4.326,2.297,15.027,2.986,3.888,0.641,0.454,synthetic_demo
26.397594,80.376759,Kanpur,Kidwai Nagar,Builder Floor,2019.0,10492743,5197,4,3,4,3.0,3,7,3,1,3,4,6.895,4.776,3.406,4.237,6.603,0.518,0.471,synthetic_demo
26.401177,80.225025,Kanpur,Panki,Independent House,808.0,3383904,4188,2,1,14,1.0,4,3,1,0,3,3,11.864,7.415,18.436,10.767,10.046,0.299,0.245,synthetic_demo
26.432225,80.377703,Kanpur,Juhi,Apartment,1770.0,8805750,4975,4,3,23,2.0,6,11,2,2,10,13,3.822,1.559,4.47,1.1,3.304,0.679,0.571,synthetic_demo
26.471493,80.340429,Kanpur,Arya Nagar,Apartment,945.0,5921370,6266,2,1,28,3.0,13,15,4,0,13,14,1.608,2.157,10.187,0.624,0.334,0.798,0.743,synthetic_demo
26.490709,80.404715,Kanpur,Civil Lines,Apartment,2133.0,11684574,5478,5,4,3,1.0,9,5,4,1,10,2,6.966,6.822,9.612,5.719,6.273,0.605,0.472,synthetic_demo
26.395479,80.245739,Kanpur,Barra,Apartment,1402.0,5655668,4034,3,2,7,1.0,3,3,3,1,1,2,10.909,7.631,16.4,10.642,8.798,0.381,0.324,synthetic_demo
26.509896,80.378987,Kanpur,Civil Lines,Builder Floor,1002.0,4749480,4740,2,1,26,2.0,8,7,2,0,7,5,6.355,6.861,12.133,6.161,5.246,0.535,0.439,synthetic_demo
26.465603,80.345128,Kanpur,Mall Road,Plot,1418.0,8845484,6238,0,0,0,5.0,12,18,3,3,9,12,1.321,1.371,9.39,0.261,0.268,0.77,0.869,synthetic_demo
26.488809,80.220908,Kanpur,IIT Kanpur,Builder Floor,558.0,2410560,4320,1,1,14,0.0,4,3,0,0,5,1,2.866,3.999,21.045,1.821,6.93,0.248,0.153,synthetic_demo
26.400307,80.297459,Kanpur,Barra,Apartment,937.0,3948518,4214,2,1,11,1.0,1,5,1,0,2,4,7.809,5.24,11.228,8.335,5.458,0.343,0.161,synthetic_demo
26.440582,80.337528,Kanpur,Kidwai Nagar,Apartment,852.0,5597640,6570,2,1,21,3.0,9,11,3,0,13,6,1.82,1.348,8.271,2.544,0.705,0.705,0.665,synthetic_demo
26.385161,80.32966,Kanpur,Barra,Independent House,2474.0,10907866,4409,5,4,14,2.0,2,7,1,1,4,6,7.869,6.235,8.293,8.123,6.064,0.446,0.382,synthetic_demo
26.500165,80.202818,Kanpur,IIT Kanpur,Apartment,956.0,3244664,3394,2,1,0,1.0,3,3,0,0,2,3,3.216,6.183,23.221,1.302,8.698,0.201,0.215,synthetic_demo
26.500145,80.299166,Kanpur,Vikas Nagar,Apartment,2285.0,14779380,6468,5,4,10,4.0,7,7,1,0,9,7,1.022,6.332,15.34,2.06,0.665,0.53,0.682,synthetic_demo
26.493897,80.289166,Kanpur,Vikas Nagar,Apartment,1107.0,5671161,5123,2,1,10,3.0,6,3,1,2,7,5,0.248,5.123,15.62,1.067,0.22,0.396,0.758,synthetic_demo
26.531572,80.215623,Kanpur,IIT Kanpur,Apartment,1643.0,4955288,3016,4,3,26,2.0,4,1,1,1,2,3,2.666,8.256,23.973,2.45,8.387,0.217,0.424,synthetic_demo
26.411668,80.323027,Kanpur,Barra,Independent House,2213.0,9064448,4096,5,4,12,2.0,2,5,1,0,5,1,5.323,3.263,8.709,6.048,3.209,0.372,0.323,synthetic_demo
26.494538,80.201972,Kanpur,IIT Kanpur,Apartment,718.0,2159744,3008,2,1,24,0.0,2,2,0,0,2,4,3.6,5.864,23.017,1.887,8.772,0.181,0.078,synthetic_demo
26.447895,80.278144,Kanpur,Kakadeo,Apartment,604.0,3369716,5579,1,1,7,0.0,1,6,4,1,8,2,4.583,3.325,14.002,4.085,3.184,0.597,0.23,synthetic_demo
26.484667,80.26274,Kanpur,Panki,Builder Floor,905.0,4429975,4895,2,1,3,4.0,2,2,2,1,4,5,1.931,2.625,17.173,0.804,2.991,0.378,0.547,synthetic_demo
26.499004,80.425593,Kanpur,Civil Lines,Independent House,2317.0,10551618,4554,5,4,17,3.0,5,4,3,0,6,5,9.203,9.053,10.632,7.679,8.54,0.511,0.43,synthetic_demo
26.536774,80.229786,Kanpur,IIT Kanpur,Apartment,1325.0,4062450,3066,3,2,25,1.0,3,0,1,1,2,2,2.697,8.338,23.212,3.46,7.503,0.173,0.326,synthetic_demo
26.511063,80.337882,Kanpur,Swaroop Nagar,Independent House,1063.0,5591380,5260,2,1,2,1.0,6,6,1,1,7,7,3.862,6.455,13.869,4.531,3.286,0.481,0.438,synthetic_demo
26.408862,80.282767,Kanpur,Barra,Apartment,828.0,2917872,3524,2,1,24,0.0,2,5,2,0,4,4,7.605,5.443,12.691,7.974,5.297,0.44,0.093,synthetic_demo
26.483366,80.264634,Kanpur,Panki,Builder Floor,800.0,4132000,5165,2,1,22,5.0,2,3,3,1,4,4,2.073,2.6,16.937,0.873,2.888,0.451,0.6,synthetic_demo
26.507781,80.316854,Kanpur,Vikas Nagar,Builder Floor,2351.0,10414930,4430,5,4,10,1.0,8,6,0,0,9,5,2.976,6.82,14.775,3.463,1.799,0.443,0.463,synthetic_demo
26.409829,80.323073,Kanpur,Barra,Independent House,901.0,4216680,4680,2,1,4,2.0,1,7,1,0,4,4,5.503,3.467,8.688,6.226,3.407,0.429,0.29,synthetic_demo
26.436734,80.233539,Kanpur,Panki,Independent House,1019.0,4070905,3995,2,1,19,1.0,4,1,1,0,1,7,7.865,3.446,17.946,6.785,7.761,0.24,0.247,synthetic_demo
26.541344,80.310809,Kanpur,Vikas Nagar,Plot,1248.0,4837248,3876,0,0,0,2.0,4,3,2,0,4,1,5.451,10.459,18.153,6.735,5.059,0.366,0.343,synthetic_demo
26.501703,80.409789,Kanpur,Civil Lines,Apartment,611.0,3383107,5537,1,1,8,2.0,9,3,4,1,9,2,8.121,7.987,10.82,7.0,7.31,0.56,0.53,synthetic_demo
26.533723,80.417631,Kanpur,Civil Lines,Apartment,1612.0,5369572,3331,4,3,14,1.0,1,7,0,0,1,3,11.024,11.142,14.4,10.334,9.886,0.299,0.149,synthetic_demo
26.455354,80.256381,Kanpur,Panki,Builder Floor,1084.0,5223796,4819,2,1,5,0.0,1,4,5,1,7,0,5.242,1.152,16.321,4.064,5.377,0.581,0.187,synthetic_demo
26.461768,80.320869,Kanpur,Rawatpur,Apartment,1150.0,8366250,7275,3,2,9,7.0,9,13,4,2,12,5,0.993,2.33,10.938,1.169,0.642,0.742,0.849,synthetic_demo
26.47719,80.372225,Kanpur,Civil Lines,Plot,972.0,5531652,5691,0,0,0,3.0,12,14,2,3,8,14,3.53,3.411,8.929,2.641,2.712,0.702,0.751,synthetic_demo
26.424674,80.255713,Kanpur,Panki,Independent House,1133.0,5097367,4499,3,2,7,0.0,2,3,4,0,7,2,7.914,4.41,15.539,7.269,6.093,0.532,0.086,synthetic_demo
26.521692,80.32995,Kanpur,Vikas Nagar,Independent House,1022.0,5539240,5420,2,1,0,1.0,7,6,2,0,4,3,4.874,7.782,15.289,5.359,3.806,0.454,0.361,synthetic_demo
26.490854,80.376608,Kanpur,Civil Lines,Plot,1193.0,6117704,5128,0,0,0,3.0,12,10,4,1,6,8,4.99,4.89,10.175,4.183,3.858,0.667,0.645,synthetic_demo
26.430745,80.311888,Kanpur,Govind Nagar,Independent House,712.0,4294784,6032,2,1,18,0.0,6,8,1,2,9,6,4.394,1.66,10.21,4.685,2.075,0.542,0.499,synthetic_demo
26.508798,80.395126,Kanpur,Civil Lines,Independent House,804.0,4284516,5329,2,1,6,2.0,9,4,3,0,5,3,7.685,7.581,11.704,6.806,6.462,0.481,0.456,synthetic_demo
26.509395,80.374869,Kanpur,Civil Lines,Independent House,1490.0,7826970,5253,3,2,7,2.0,6,8,2,1,6,4,5.987,6.646,12.19,5.924,4.911,0.532,0.479,synthetic_demo
26.502133,80.322281,Kanpur,Swaroop Nagar,Independent House,2099.0,11395471,5429,5,4,20,2.0,8,7,1,1,13,9,2.709,6.012,13.948,3.065,1.592,0.595,0.601,synthetic_demo
26.476677,80.259151,Kanpur,Panki,Apartment,1184.0,4836640,4085,3,2,16,3.0,2,2,2,1,4,4,2.857,1.678,17.043,1.757,3.743,0.369,0.472,synthetic_demo
26.515021,80.241877,Kanpur,IIT Kanpur,Independent House,752.0,4018688,5344,2,1,8,1.0,4,1,1,1,3,6,1.019,5.731,20.778,1.623,5.235,0.274,0.361,synthetic_demo
26.406795,80.355273,Kanpur,Kidwai Nagar,Independent House,641.0,2583230,4030,1,1,27,1.0,2,8,2,1,6,1,5.299,3.685,5.467,4.689,4.453,0.511,0.317,synthetic_demo
26.492507,80.267895,Kanpur,Kalyanpur,Apartment,925.0,4731375,5115,2,1,3,3.0,2,3,1,2,2,6,1.124,3.636,17.217,0.187,2.236,0.309,0.583,synthetic_demo
26.534463,80.228206,Kanpur,IIT Kanpur,Plot,956.0,3186348,3333,0,0,0,0.0,4,0,1,1,2,2,2.46,8.13,23.173,3.166,7.481,0.173,0.27,synthetic_demo
26.526316,80.214786,Kanpur,IIT Kanpur,Builder Floor,354.0,1211388,3422,1,1,9,1.0,3,1,0,0,2,3,2.293,7.765,23.702,1.866,8.207,0.135,0.215,synthetic_demo
26.532118,80.208795,Kanpur,IIT Kanpur,Independent House,1847.0,6499593,3519,4,3,14,2.0,2,1,1,0,3,3,3.169,8.613,24.56,2.448,9.02,0.24,0.275,synthetic_demo
26.469575,80.412818,Kanpur,Gwaltoli,Independent House,1341.0,5911128,4408,3,2,20,1.0,5,8,1,0,9,7,6.681,5.931,7.252,4.296,6.013,0.548,0.282,synthetic_demo
26.462964,80.364869,Kanpur,Gwaltoli,Apartment,770.0,4692380,6094,2,1,24,4.0,14,17,2,3,11,17,1.953,1.801,7.918,0.91,1.332,0.769,0.824,synthetic_demo
26.414419,80.249043,Kanpur,Panki,Independent House,1177.0,4810399,4087,3,2,25,0.0,4,3,2,0,5,4,9.164,5.514,16.078,8.563,7.24,0.411,0.152,synthetic_demo
26.382888,80.249817,Kanpur,Barra,Independent House,2257.0,7829533,3469,5,4,29,1.0,1,3,3,0,0,3,11.772,9.019,16.143,11.807,9.544,0.372,0.149,synthetic_demo
26.466646,80.31904,Kanpur,Rawatpur,Apartment,1007.0,8045930,7990,2,1,10,5.0,8,13,5,2,10,4,0.425,2.894,11.407,0.727,0.305,0.748,0.819,synthetic_demo
26.520191,80.301242,Kanpur,Vikas Nagar,Apartment,715.0,3223220,4508,2,1,26,2.0,8,5,1,3,4,1,2.913,8.065,16.829,4.211,2.689,0.353,0.67,synthetic_demo
26.397855,80.296403,Kanpur,Barra,Builder Floor,1118.0,4410510,3945,2,1,27,2.0,2,5,1,0,2,6,8.085,5.529,11.347,8.624,5.739,0.362,0.283,synthetic_demo
26.535749,80.223353,Kanpur,IIT Kanpur,Builder Floor,1713.0,6853713,4001,4,3,4,1.0,4,0,1,2,3,1,2.714,8.407,23.64,3.132,7.961,0.185,0.442,synthetic_demo
26.389102,80.358289,Kanpur,Kidwai Nagar,Apartment,699.0,2981235,4265,2,1,6,0.0,3,5,2,0,2,3,7.289,5.577,5.434,6.101,6.295,0.396,0.121,synthetic_demo
26.477354,80.279031,Kanpur,Kakadeo,Apartment,1232.0,6362048,5164,3,2,18,4.0,2,4,3,1,4,7,2.343,3.249,15.366,0.999,2.207,0.496,0.572,synthetic_demo
26.403408,80.210616,Kanpur,Panki,Independent House,1630.0,6596610,4047,4,3,20,1.0,3,4,2,0,2,5,12.183,7.796,19.868,11.034,11.169,0.39,0.214,synthetic_demo
26.500533,80.212945,Kanpur,IIT Kanpur,Builder Floor,627.0,2718672,4336,1,1,2,0.0,4,3,0,0,3,3,2.323,5.487,22.35,0.88,7.693,0.225,0.151,synthetic_demo
26.53446,80.416287,Kanpur,Civil Lines,Plot,1168.0,4158080,3560,0,0,0,2.0,2,7,0,0,2,3,10.96,11.128,14.475,10.329,9.834,0.32,0.274,synthetic_demo
26.54635,80.341276,Kanpur,Vikas Nagar,Independent House,979.0,3919916,4004,2,1,21,2.0,2,2,2,0,3,3,7.574,10.304,17.207,8.307,6.691,0.34,0.279,synthetic_demo
26.525032,80.348772,Kanpur,Swaroop Nagar,Apartment,1115.0,4418745,3963,2,1,25,3.0,1,4,1,2,2,2,5.7,7.899,14.738,6.356,5.174,0.295,0.513,synthetic_demo
26.548223,80.288262,Kanpur,Vikas Nagar,Apartment,1174.0,4174744,3556,3,2,4,1.0,3,3,0,0,4,3,5.678,10.109,20.07,6.669,5.777,0.248,0.223,synthetic_demo
26.40035,80.371527,Kanpur,Kidwai Nagar,Apartment,1261.0,5750160,4560,3,2,5,2.0,3,7,2,2,6,2,6.409,4.363,3.868,4.32,6.03,0.498,0.489,synthetic_demo
26.393632,80.247482,Kanpur,Barra,Builder Floor,579.0,2278944,3936,1,1,24,1.0,3,3,3,1,1,2,10.956,7.829,16.241,10.773,8.815,0.381,0.324,synthetic_demo
26.498472,80.33695,Kanpur,Swaroop Nagar,Apartment,2107.0,11042787,5241,5,4,12,2.0,9,7,2,2,14,6,2.524,5.108,12.746,3.193,2.087,0.628,0.65,synthetic_demo
26.518016,80.247025,Kanpur,IIT Kanpur,Builder Floor,1905.0,8180070,4294,4,3,0,1.0,3,3,1,0,4,2,1.612,6.014,20.57,2.111,4.924,0.309,0.231,synthetic_demo
26.525828,80.256086,Kanpur,Kalyanpur,Plot,2531.0,7825852,3092,0,0,0,1.0,2,4,1,0,4,2,2.764,6.902,20.429,3.234,4.721,0.336,0.202,synthetic_demo
26.541264,80.388587,Kanpur,Civil Lines,Builder Floor,684.0,2374848,3472,2,1,15,0.0,4,3,0,0,3,1,9.395,10.443,15.369,9.681,8.506,0.201,0.15,synthetic_demo
26.390872,80.287975,Kanpur,Barra,Plot,1178.0,4048786,3437,0,0,0,1.0,1,7,0,1,0,8,9.22,6.629,12.256,9.659,6.861,0.33,0.271,synthetic_demo
26.489464,80.304391,Kanpur,Kakadeo,Plot,2031.0,11152221,5491,0,0,0,6.0,8,5,4,3,9,6,1.606,5.732,14.15,1.133,0.553,0.617,0.851,synthetic_demo
26.407444,80.240344,Kanpur,Panki,Plot,565.0,2089370,3698,0,0,0,0.0,4,3,2,1,2,3,10.327,6.362,16.91,9.587,8.389,0.346,0.268,synthetic_demo
26.545936,80.247422,Kanpur,IIT Kanpur,Builder Floor,835.0,2975105,3563,2,1,18,0.0,4,1,1,1,1,3,4.012,9.115,22.58,5.02,6.962,0.193,0.271,synthetic_demo
26.407262,80.308345,Kanpur,Barra,Apartment,748.0,2760868,3691,2,1,18,0.0,3,5,1,1,4,2,6.527,4.063,10.139,7.153,4.215,0.362,0.264,synthetic_demo
26.426226,80.230064,Kanpur,Panki,Independent House,1195.0,5109820,4276,3,2,7,2.0,5,4,1,0,1,5,9.078,4.646,18.092,7.995,8.391,0.306,0.357,synthetic_demo
26.426807,80.287447,Kanpur,Barra,Apartment,1481.0,6138745,4145,3,2,15,0.0,2,4,3,1,8,4,5.632,3.967,12.466,5.951,3.41,0.532,0.253,synthetic_demo
26.496734,80.279886,Kanpur,Vikas Nagar,Apartment,471.0,2411991,5121,1,1,21,4.0,4,3,1,1,5,7,1.01,4.701,16.537,1.04,1.011,0.378,0.666,synthetic_demo
26.387133,80.263543,Kanpur,Barra,Independent House,2077.0,7578973,3649,5,4,2,2.0,0,2,2,0,0,2,10.641,8.493,14.723,10.892,8.354,0.267,0.215,synthetic_demo
26.522084,80.226624,Kanpur,IIT Kanpur,Plot,2870.0,8323000,2900,0,0,0,0.0,3,0,1,1,0,4,1.182,6.865,22.468,1.828,6.94,0.148,0.241,synthetic_demo
26.511454,80.328478,Kanpur,Swaroop Nagar,Builder Floor,708.0,3881964,5483,2,1,6,1.0,7,9,1,0,9,3,3.728,6.732,14.413,4.246,2.791,0.539,0.389,synthetic_demo
26.548736,80.292883,Kanpur,Vikas Nagar,Builder Floor,1926.0,8489808,4408,4,3,2,1.0,4,3,1,0,6,4,5.871,10.343,19.842,6.882,5.838,0.369,0.253,synthetic_demo
26.406347,80.406801,Kanpur,Juhi,Builder Floor,1172.0,4699720,4010,3,2,28,3.0,3,3,2,1,3,6,7.897,5.599,0.393,1.577,7.378,0.393,0.47,synthetic_demo
26.513,80.392685,Kanpur,Civil Lines,Independent House,1078.0,5490254,5093,2,1,0,1.0,9,4,3,0,7,5,7.693,7.827,12.2,7.094,6.521,0.525,0.386,synthetic_demo
26.525806,80.200252,Kanpur,IIT Kanpur,Independent House,1154.0,3458538,2997,3,2,25,1.0,1,1,1,0,2,1,3.483,8.47,24.871,1.999,9.527,0.193,0.149,synthetic_demo
26.508134,80.333294,Kanpur,Swaroop Nagar,Apartment,1095.0,5434485,4963,2,1,1,2.0,7,7,1,1,8,4,3.428,6.24,13.839,4.068,2.76,0.493,0.535,synthetic_demo
26.54071,80.246721,Kanpur,IIT Kanpur,Apartment,1227.0,3922719,3197,3,2,17,0.0,4,2,1,1,1,2,3.452,8.536,22.23,4.454,6.559,0.213,0.272,synthetic_demo
26.519,80.248272,Kanpur,IIT Kanpur,Independent House,1272.0,5425080,4265,3,2,29,1.0,3,3,1,0,4,2,1.769,6.118,20.54,2.256,4.873,0.309,0.231,synthetic_demo
26.447105,80.319246,Kanpur,Govind Nagar,Builder Floor,1151.0,7583939,6589,3,2,18,4.0,9,14,2,2,12,12,2.556,0.828,10.217,2.741,0.976,0.727,0.766,synthetic_demo
26.519969,80.247871,Kanpur,IIT Kanpur,Apartment,1210.0,4381410,3621,3,2,24,1.0,3,3,1,0,4,1,1.779,6.227,20.638,2.343,4.963,0.299,0.23,synthetic_demo
26.433533,80.376755,Kanpur,Juhi,Apartment,758.0,4167484,5498,2,1,23,2.0,6,11,1,1,12,13,3.657,1.408,4.639,1.038,3.134,0.665,0.506,synthetic_demo
26.397336,80.331097,Kanpur,Barra,Builder Floor,761.0,3323287,4367,2,1,9,2.0,1,8,1,0,2,5,6.522,4.906,7.908,6.947,4.719,0.426,0.263,synthetic_demo
26.539111,80.230026,Kanpur,IIT Kanpur,Independent House,781.0,2945151,3771,2,1,8,0.0,3,0,1,2,2,2,2.954,8.585,23.359,3.711,7.642,0.173,0.345,synthetic_demo
26.549154,80.289796,Kanpur,Vikas Nagar,Apartment,1602.0,4878090,3045,4,3,28,1.0,4,3,0,0,5,4,5.838,10.263,20.061,6.818,5.877,0.281,0.253,synthetic_demo
26.420631,80.313869,Kanpur,Barra,Apartment,870.0,3122430,3589,2,1,20,1.0,3,5,0,0,5,6,5.031,2.479,9.752,5.587,2.678,0.356,0.289,synthetic_demo
26.484658,80.410124,Kanpur,Civil Lines,Apartment,609.0,2965830,4870,1,1,22,2.0,5,7,4,0,9,2,7.061,6.845,8.924,5.492,6.439,0.625,0.361,synthetic_demo
26.426244,80.359727,Kanpur,Kidwai Nagar,Independent House,1904.0,10207344,5361,4,3,14,2.0,3,10,3,1,13,12,3.3,1.481,5.574,2.685,3.105,0.719,0.443,synthetic_demo
26.460177,80.203455,Kanpur,Panki,Plot,1786.0,4734686,2651,0,0,0,1.0,1,3,1,0,1,4,6.485,4.653,21.49,5.393,9.491,0.267,0.149,synthetic_demo
26.481757,80.209483,Kanpur,Panki,Apartment,1546.0,5363074,3469,3,2,4,0.0,3,2,0,0,2,0,4.097,4.49,21.747,2.947,8.176,0.131,0.115,synthetic_demo
26.492296,80.387125,Kanpur,Civil Lines,Apartment,975.0,4786275,4909,2,1,19,1.0,12,8,4,1,4,6,5.771,5.651,10.038,4.838,4.839,0.605,0.539,synthetic_demo
26.408693,80.270202,Kanpur,Barra,Apartment,895.0,3925470,4386,2,1,4,1.0,1,3,2,0,7,6,8.257,6.45,13.941,8.425,6.05,0.462,0.157,synthetic_demo
26.519868,80.426371,Kanpur,Civil Lines,Apartment,1595.0,5228410,3278,4,3,20,1.0,2,5,1,1,1,4,10.7,10.57,12.941,9.595,9.759,0.323,0.296,synthetic_demo
26.475683,80.423703,Kanpur,Civil Lines,Builder Floor,1317.0,6860253,5209,3,2,2,1.0,4,8,2,0,9,6,7.912,7.208,8.041,5.478,7.254,0.585,0.248,synthetic_demo
26.498371,80.330249,Kanpur,Swaroop Nagar,Independent House,1124.0,6605748,5877,2,1,3,3.0,6,9,1,2,14,8,2.304,5.304,13.129,2.951,1.699,0.632,0.665,synthetic_demo
26.474302,80.350497,Kanpur,Civil Lines,Apartment,926.0,6838510,7385,2,1,3,3.0,11,20,2,1,12,23,2.271,2.259,9.779,1.362,0.686,0.818,0.735,synthetic_demo
26.501993,80.256872,Kanpur,Kalyanpur,Plot,1290.0,4694310,3639,0,0,0,1.0,4,4,0,0,5,9,0.709,4.28,18.72,0.79,3.366,0.359,0.291,synthetic_demo
26.454499,80.385002,Kanpur,Gwaltoli,Builder Floor,865.0,5531675,6395,2,1,9,4.0,6,7,1,2,12,10,3.684,2.71,6.106,1.323,2.991,0.589,0.668,synthetic_demo
26.442398,80.241732,Kanpur,Panki,Apartment,798.0,3060330,3835,2,1,22,0.0,3,1,2,0,3,6,6.988,2.539,17.29,5.914,6.856,0.343,0.119,synthetic_demo
26.503421,80.427414,Kanpur,Civil Lines,Plot,1102.0,3782064,3432,0,0,0,2.0,4,4,1,1,4,4,9.627,9.48,11.145,8.182,8.928,0.356,0.424,synthetic_demo
26.520913,80.42653,Kanpur,Civil Lines,Apartment,866.0,3725532,4302,2,1,4,2.0,2,5,1,0,1,3,10.791,10.662,13.059,9.698,9.832,0.313,0.274,synthetic_demo
26.405034,80.303594,Kanpur,Barra,Apartment,1212.0,5010408,4134,3,2,22,3.0,2,6,1,0,4,2,7.014,4.486,10.608,7.59,4.678,0.387,0.373,synthetic_demo
26.436213,80.34939,Kanpur,Juhi,Independent House,982.0,6056976,6168,2,1,15,2.0,10,10,2,1,13,9,1.983,1.487,7.004,2.393,1.974,0.675,0.614,synthetic_demo
26.458186,80.340421,Kanpur,Kanpur Central Station,Builder Floor,808.0,7112016,8802,2,1,8,7.0,13,13,3,3,12,11,0.887,1.043,9.16,0.682,0.558,0.739,0.892,synthetic_demo
26.506667,80.202585,Kanpur,IIT Kanpur,Independent House,585.0,2217150,3790,1,1,3,0.0,3,3,0,0,1,3,3.0,6.692,23.581,0.825,8.788,0.177,0.115,synthetic_demo
26.468003,80.369095,Kanpur,Civil Lines,Builder Floor,1010.0,6859920,6792,2,1,25,3.0,16,19,2,4,8,7,2.614,2.473,8.166,1.607,1.964,0.729,0.828,synthetic_demo
26.493601,80.427363,Kanpur,Civil Lines,Apartment,950.0,4173350,4393,2,1,6,2.0,5,3,2,0,6,5,9.044,8.755,10.067,7.298,8.419,0.437,0.357,synthetic_demo
26.491055,80.261192,Kanpur,Kalyanpur,Independent House,1400.0,6931400,4951,3,2,0,2.0,2,3,1,1,3,4,1.249,3.208,17.681,0.195,2.922,0.309,0.426,synthetic_demo
26.436591,80.343838,Kanpur,Kidwai Nagar,Apartment,863.0,5603459,6493,2,1,23,2.0,11,10,2,1,14,11,1.98,2.025,7.507,2.646,1.43,0.694,0.654,synthetic_demo
26.545299,80.240962,Kanpur,IIT Kanpur,Independent House,1415.0,4140290,2926,3,2,26,0.0,4,0,1,1,1,3,3.744,9.085,22.997,4.731,7.319,0.161,0.27,synthetic_demo
26.460125,80.328363,Kanpur,Rawatpur,Builder Floor,604.0,5358688,8872,1,1,2,6.0,13,14,4,2,14,12,1.576,2.17,10.229,1.045,0.622,0.79,0.856,synthetic_demo
26.425234,80.266763,Kanpur,Barra,Independent House,883.0,4065332,4604,2,1,27,0.0,2,4,4,0,9,3,7.056,4.622,14.461,6.829,5.107,0.583,0.095,synthetic_demo
26.524937,80.250487,Kanpur,IIT Kanpur,Plot,1177.0,3760515,3195,0,0,0,1.0,3,2,1,0,4,1,2.295,6.776,20.787,2.948,5.072,0.27,0.229,synthetic_demo
26.42735,80.289121,Kanpur,Barra,Builder Floor,943.0,4199179,4453,2,1,21,,2,5,3,1,8,5,5.495,3.79,12.315,5.836,3.256,0.557,0.258,synthetic_demo
26.439302,80.359151,Kanpur,Juhi,Independent House,3126.0,21022350,6725,5,4,4,4.0,10,9,2,3,15,11,1.976,0.484,6.388,1.547,1.677,0.691,0.783,synthetic_demo
26.440253,80.364367,Kanpur,Juhi,Independent House,1109.0,7487968,6752,2,1,2,4.0,9,11,2,1,16,9,2.234,0.144,6.052,1.158,1.784,0.715,0.69,synthetic_demo
26.40439,80.387704,Kanpur,Juhi,Plot,1018.0,4086252,4014,0,0,0,2.0,4,5,2,1,4,4,6.787,4.515,2.231,2.961,6.381,0.44,0.428,synthetic_demo
26.448874,80.41449,Kanpur,Gwaltoli,Builder Floor,831.0,3909024,4704,2,1,13,3.0,4,4,0,2,5,2,6.644,5.145,4.965,2.537,5.956,0.288,0.565,synthetic_demo
26.495271,80.391596,Kanpur,Civil Lines,Apartment,1226.0,6180266,5041,3,2,16,1.0,11,7,3,1,5,4,6.316,6.194,10.271,5.363,5.39,0.546,0.516,synthetic_demo
26.46548,80.412354,Kanpur,Gwaltoli,Apartment,755.0,3155900,4180,2,1,22,1.0,6,7,1,0,8,8,6.532,5.643,6.795,3.902,5.855,0.523,0.311,synthetic_demo
26.535977,80.414234,Kanpur,Civil Lines,Apartment,1062.0,3722310,3505,2,1,5,2.0,2,5,0,0,3,3,10.892,11.145,14.636,10.362,9.785,0.285,0.274,synthetic_demo
26.417555,80.405814,Kanpur,Juhi,Builder Floor,1435.0,6103055,4253,3,2,14,2.0,4,8,1,1,3,4,7.04,4.798,1.524,0.687,6.473,0.434,0.428,synthetic_demo
26.52465,80.24577,Kanpur,IIT Kanpur,Builder Floor,1618.0,6208266,3837,4,3,11,1.0,3,1,1,0,3,1,1.916,6.757,21.127,2.756,5.426,0.217,0.226,synthetic_demo
26.381652,80.423306,Kanpur,Juhi,Builder Floor,1110.0,4660890,4199,2,1,12,1.0,3,4,2,0,8,1,10.998,8.692,2.851,2.624,10.507,0.459,0.214,synthetic_demo
26.454489,80.247827,Kanpur,Panki,Apartment,1697.0,7117218,4194,4,3,20,0.0,2,2,4,1,7,5,5.523,1.08,17.091,4.449,6.205,0.535,0.213,synthetic_demo
26.491205,80.326868,Kanpur,Swaroop Nagar,Builder Floor,962.0,6472336,6728,2,1,26,2.0,8,9,2,4,14,9,1.471,4.725,12.721,2.091,0.856,0.672,0.777,synthetic_demo
26.424878,80.328067,Kanpur,Kidwai Nagar,Plot,1018.0,5209106,5117,0,0,0,3.0,4,7,1,1,6,5,3.798,1.838,8.481,4.519,1.683,0.47,0.579,synthetic_demo
26.490111,80.353986,Kanpur,Civil Lines,Builder Floor,706.0,4152692,5882,2,1,28,5.0,7,16,1,1,9,9,3.094,4.037,11.047,3.074,1.933,0.682,0.697,synthetic_demo
26.539274,80.330454,Kanpur,Vikas Nagar,Apartment,1182.0,4285932,3626,3,2,22,1.0,3,5,2,1,0,5,6.273,9.675,16.964,7.199,5.462,0.378,0.334,synthetic_demo
26.48812,80.320174,Kanpur,Swaroop Nagar,Apartment,861.0,5829831,6771,2,1,20,2.0,9,9,3,4,14,6,1.266,4.805,12.916,1.539,0.197,0.69,0.822,synthetic_demo
26.485435,80.398089,Kanpur,Civil Lines,Builder Floor,1588.0,7120592,4484,4,3,21,0.0,9,5,3,1,7,5,6.089,5.943,9.09,4.86,5.417,0.544,0.409,synthetic_demo
26.430189,80.358429,Kanpur,Juhi,Plot,753.0,4522518,6006,0,0,0,3.0,8,10,2,1,15,7,2.844,1.126,5.891,2.407,2.655,0.685,0.606,synthetic_demo
26.535237,80.292622,Kanpur,Vikas Nagar,Plot,1444.0,4783972,3313,0,0,0,0.0,7,3,1,1,6,2,4.371,8.985,18.665,5.473,4.346,0.349,0.371,synthetic_demo
26.518066,80.236951,Kanpur,IIT Kanpur,Plot,1467.0,5404428,3684,0,0,0,1.0,4,1,1,1,3,5,0.782,6.151,21.374,1.768,5.82,0.263,0.358,synthetic_demo
26.405926,80.324221,Kanpur,Barra,Apartment,1102.0,4933654,4477,2,1,1,2.0,2,7,1,0,4,5,5.846,3.9,8.555,6.557,3.811,0.437,0.307,synthetic_demo
26.502414,80.416265,Kanpur,Civil Lines,Apartment,673.0,3429608,5096,1,1,1,1.0,7,4,3,1,7,0,8.669,8.529,10.916,7.441,7.903,0.488,0.425,synthetic_demo
26.525685,80.232025,Kanpur,IIT Kanpur,Independent House,829.0,3238074,3906,2,1,2,0.0,3,0,1,1,1,3,1.455,7.088,22.273,2.388,6.642,0.161,0.242,synthetic_demo
26.544141,80.288371,Kanpur,Vikas Nagar,Apartment,837.0,2974698,3554,2,1,13,1.0,4,4,0,1,5,2,5.276,9.695,19.704,6.249,5.325,0.288,0.361,synthetic_demo
26.457366,80.313566,Kanpur,Rawatpur,Builder Floor,1792.0,11196416,6248,4,3,27,4.0,6,12,4,1,12,2,1.446,2.095,11.273,1.878,0.094,0.719,0.762,synthetic_demo
26.515262,80.423682,Kanpur,Civil Lines,Apartment,614.0,2691776,4384,1,1,4,1.0,3,4,2,2,1,4,10.156,10.024,12.401,9.025,9.267,0.362,0.418,synthetic_demo
26.444049,80.397636,Kanpur,Gwaltoli,Builder Floor,1232.0,4944016,4013,3,2,28,1.0,5,4,0,2,9,5,5.064,3.396,4.58,1.122,4.39,0.396,0.479,synthetic_demo
26.495614,80.284615,Kanpur,Vikas Nagar,Independent House,2269.0,12595219,5551,5,4,23,4.0,4,3,1,2,5,7,0.538,4.922,16.092,1.087,0.538,0.378,0.743,synthetic_demo
26.525774,80.301302,Kanpur,Vikas Nagar,Independent House,1006.0,3917364,3894,2,1,27,1.0,6,4,1,3,5,2,3.497,8.559,17.304,4.792,3.303,0.356,0.584,synthetic_demo
26.492713,80.243918,Kanpur,Panki,Builder Floor,1355.0,5315665,3923,3,2,9,1.0,5,3,1,0,5,5,2.25,3.25,19.239,0.62,4.606,0.359,0.294,synthetic_demo
26.522347,80.297996,Kanpur,Vikas Nagar,Apartment,959.0,4818016,5024,2,1,6,1.0,7,5,1,2,7,2,3.036,8.057,17.22,4.322,2.974,0.417,0.543,synthetic_demo
26.537707,80.352704,Kanpur,Swaroop Nagar,Independent House,483.0,1727691,3577,1,1,18,2.0,4,2,1,0,2,0,7.151,9.312,15.886,7.806,6.55,0.213,0.335,synthetic_demo
26.395474,80.351975,Kanpur,Kidwai Nagar,Plot,1315.0,5199510,3954,0,0,0,1.0,1,9,2,0,1,3,6.52,4.986,5.874,5.897,5.389,0.47,0.162,synthetic_demo
26.424364,80.33519,Kanpur,Kidwai Nagar,Builder Floor,1496.0,7056632,4717,3,2,26,2.0,3,6,1,1,8,12,3.534,2.16,7.783,4.243,1.805,0.532,0.498,synthetic_demo
26.453312,80.349397,Kanpur,Kanpur Central Station,Independent House,1194.0,9166338,7677,3,2,11,1.0,11,15,3,3,13,13,0.159,0.086,8.131,0.75,0.53,0.773,0.761,synthetic_demo
26.49055,80.23407,Kanpur,Panki,Apartment,529.0,2440277,4613,1,1,1,1.0,6,3,1,0,4,3,2.461,3.351,19.972,1.185,5.605,0.32,0.312,synthetic_demo
26.538202,80.251506,Kanpur,IIT Kanpur,Plot,1954.0,6391534,3271,0,0,0,0.0,2,2,1,1,3,2,3.445,8.252,21.692,4.359,6.039,0.259,0.214,synthetic_demo
26.494094,80.359168,Kanpur,Civil Lines,Apartment,1350.0,7057800,5228,3,2,16,5.0,8,13,2,0,9,7,3.755,4.555,11.188,3.702,2.61,0.665,0.641,synthetic_demo
26.540404,80.395618,Kanpur,Civil Lines,Independent House,2384.0,10849584,4551,5,4,1,2.0,3,2,0,0,4,5,9.805,10.635,15.191,9.918,8.848,0.24,0.303,synthetic_demo
26.453187,80.286922,Kanpur,Kakadeo,Independent House,1042.0,5795604,5562,2,1,20,3.0,3,7,5,1,3,5,3.53,3.867,13.411,3.233,2.327,0.611,0.531,synthetic_demo
26.45544,80.327096,Kanpur,Govind Nagar,Apartment,1095.0,7655145,6991,2,1,14,6.0,11,12,4,3,13,11,1.906,1.635,10.026,1.563,0.741,0.762,0.861,synthetic_demo
26.509122,80.382733,Kanpur,Civil Lines,Builder Floor,1302.0,7272972,5586,3,2,4,2.0,10,6,3,0,7,5,6.622,6.951,11.959,6.257,5.474,0.562,0.481,synthetic_demo
26.481014,80.345668,Kanpur,Arya Nagar,Apartment,1747.0,10546639,6037,4,3,24,6.0,9,16,4,1,11,19,1.986,3.032,10.664,1.799,0.656,0.809,0.802,synthetic_demo
26.525798,80.289882,Kanpur,Vikas Nagar,Builder Floor,1250.0,5757500,4606,3,2,14,0.0,6,5,0,2,7,3,3.313,7.935,18.039,4.399,3.295,0.366,0.455,synthetic_demo
26.488482,80.363298,Kanpur,Civil Lines,Independent House,1165.0,7433865,6381,3,2,17,5.0,9,15,2,0,8,9,3.891,4.063,10.446,3.34,2.587,0.691,0.656,synthetic_demo
26.413201,80.237163,Kanpur,Panki,Independent House,565.0,2069030,3662,1,1,25,0.0,4,3,2,0,2,3,10.152,5.791,17.251,9.1,8.324,0.346,0.15,synthetic_demo
26.404944,80.356103,Kanpur,Kidwai Nagar,Apartment,1104.0,4725120,4280,2,1,13,1.0,2,8,2,2,6,1,5.514,3.868,5.378,4.807,4.669,0.511,0.409,synthetic_demo
26.519476,80.378851,Kanpur,Civil Lines,Builder Floor,1368.0,6184728,4521,3,2,26,3.0,5,7,2,0,6,3,6.995,7.834,13.169,7.096,6.001,0.506,0.435,synthetic_demo
26.507144,80.212014,Kanpur,IIT Kanpur,Plot,882.0,2999682,3401,0,0,0,1.0,5,2,0,0,2,1,2.079,6.108,22.79,0.227,7.866,0.144,0.276,synthetic_demo
26.456101,80.340932,Kanpur,Kanpur Central Station,Independent House,912.0,7366224,8077,2,1,5,7.0,12,13,3,2,12,10,0.741,0.913,8.971,0.864,0.591,0.736,0.868,synthetic_demo
26.508405,80.333472,Kanpur,Swaroop Nagar,Builder Floor,1144.0,5666232,4953,3,2,18,2.0,6,7,1,1,8,4,3.462,6.264,13.854,4.103,2.795,0.493,0.515,synthetic_demo
26.420975,80.328405,Kanpur,Barra,Plot,913.0,3735083,4091,0,0,0,3.0,4,5,1,0,5,4,4.158,2.269,8.342,4.887,2.11,0.4,0.487,synthetic_demo
26.446663,80.37184,Kanpur,Juhi,Builder Floor,1519.0,7449176,4904,3,2,29,1.0,11,8,1,1,12,9,2.51,1.156,6.05,0.147,1.864,0.599,0.587,synthetic_demo
26.499392,80.42375,Kanpur,Civil Lines,Builder Floor,730.0,3395230,4651,2,1,7,3.0,6,3,3,0,6,2,9.073,8.925,10.65,7.607,8.398,0.467,0.452,synthetic_demo
26.486699,80.376585,Kanpur,Civil Lines,Apartment,1308.0,7732896,5912,3,2,19,3.0,10,11,4,1,6,9,4.617,4.509,9.741,3.774,3.62,0.685,0.619,synthetic_demo
26.512861,80.247765,Kanpur,IIT Kanpur,Apartment,1084.0,3890476,3589,2,1,13,1.0,5,3,1,0,4,4,1.569,5.438,20.164,1.602,4.602,0.33,0.294,synthetic_demo
26.516206,80.367818,Kanpur,Civil Lines,Builder Floor,1012.0,5289724,5227,2,1,29,1.0,5,8,0,1,6,3,5.947,7.146,13.125,6.269,5.052,0.42,0.388,synthetic_demo
26.497971,80.338798,Kanpur,Swaroop Nagar,Plot,940.0,5322280,5662,0,0,0,3.0,9,9,2,2,14,5,2.56,5.011,12.595,3.205,2.146,0.652,0.688,synthetic_demo
26.400753,80.203431,Kanpur,Panki,Apartment,1304.0,3816808,2927,3,2,26,0.0,3,5,1,0,2,5,12.758,8.424,20.587,11.557,11.94,0.353,0.113,synthetic_demo
26.407208,80.356834,Kanpur,Kidwai Nagar,Apartment,979.0,4186204,4276,2,1,28,1.0,2,8,2,2,6,1,5.277,3.606,5.314,4.561,4.506,0.511,0.411,synthetic_demo
26.405333,80.300364,Kanpur,Barra,Independent House,1160.0,4972920,4287,3,2,0,2.0,2,6,1,0,4,1,7.196,4.612,10.93,7.708,4.84,0.378,0.291,synthetic_demo
26.405163,80.218503,Kanpur,Panki,Builder Floor,870.0,3084150,3545,2,1,28,1.0,4,5,2,0,2,4,11.682,7.255,19.082,10.579,10.383,0.405,0.245,synthetic_demo
26.439545,80.266223,Kanpur,Panki,Apartment,866.0,5585700,6450,2,1,6,2.0,2,4,4,1,10,3,6.084,3.163,14.851,5.363,4.514,0.595,0.393,synthetic_demo
26.524136,80.31547,Kanpur,Vikas Nagar,Apartment,1522.0,6054516,3978,3,2,22,2.0,8,4,2,1,4,3,4.026,8.514,16.309,5.112,3.314,0.408,0.54,synthetic_demo
26.523311,80.253581,Kanpur,IIT Kanpur,Plot,1070.0,3368360,3148,0,0,0,1.0,2,3,1,0,4,1,2.455,6.605,20.435,2.887,4.72,0.299,0.202,synthetic_demo
26.396802,80.207562,Kanpur,Panki,Apartment,1463.0,5410174,3698,3,2,8,1.0,3,3,2,0,2,3,12.977,8.584,20.19,11.824,11.787,0.346,0.214,synthetic_demo
26.387721,80.233213,Kanpur,Barra,Apartment,1353.0,4912743,3631,3,2,15,2.0,3,4,3,0,0,4,12.382,8.645,17.716,11.879,10.298,0.405,0.303,synthetic_demo
26.488549,80.235265,Kanpur,Panki,Independent House,826.0,3627792,4392,2,1,8,0.0,6,3,1,0,4,3,2.694,3.099,19.762,1.351,5.515,0.32,0.225,synthetic_demo
26.410868,80.317528,Kanpur,Barra,Plot,510.0,2111910,4141,0,0,0,1.0,2,5,0,0,4,2,5.675,3.412,9.247,6.378,3.453,0.295,0.229,synthetic_demo
26.531355,80.22234,Kanpur,IIT Kanpur,Builder Floor,2388.0,8713812,3649,5,4,18,1.0,3,0,1,2,2,1,2.296,7.979,23.422,2.641,7.791,0.161,0.419,synthetic_demo
26.475893,80.329478,Kanpur,Swaroop Nagar,Plot,668.0,4519020,6765,0,0,0,8.0,11,9,3,2,16,7,0.418,3.165,11.297,0.593,0.369,0.712,0.886,synthetic_demo
26.409085,80.251313,Kanpur,Barra,Apartment,1719.0,5851476,3404,4,3,10,0.0,2,2,2,1,4,3,9.416,6.108,15.823,9.038,7.396,0.359,0.209,synthetic_demo
26.46226,80.238153,Kanpur,Panki,Apartment,1360.0,5605920,4122,3,2,28,2.0,2,2,2,2,4,3,5.113,1.195,18.29,3.978,6.373,0.359,0.467,synthetic_demo
26.431133,80.263903,Kanpur,Panki,Builder Floor,919.0,4173179,4541,2,1,10,0.0,1,4,4,0,10,3,6.828,3.908,14.859,6.316,5.046,0.595,0.059,synthetic_demo
26.449933,80.427368,Kanpur,Gwaltoli,Apartment,881.0,3073809,3489,2,1,25,4.0,4,4,0,1,6,3,7.914,6.425,5.347,3.439,7.227,0.32,0.548,synthetic_demo
26.487201,80.287938,Kanpur,Kakadeo,Apartment,1463.0,8747277,5979,3,2,15,4.0,3,3,2,4,6,7,1.0,4.573,15.254,0.33,0.815,0.454,0.787,synthetic_demo
26.484663,80.393207,Kanpur,Civil Lines,Builder Floor,1068.0,5386992,5044,2,1,17,3.0,8,7,3,1,7,5,5.646,5.504,9.082,4.506,4.947,0.579,0.574,synthetic_demo
26.465849,80.222714,Kanpur,Panki,Plot,941.0,3242686,3446,0,0,0,0.0,3,5,2,0,2,2,5.28,2.724,19.869,4.139,7.488,0.387,0.117,synthetic_demo
26.468913,80.388746,Kanpur,Gwaltoli,Builder Floor,753.0,4602336,6112,2,1,8,8.0,8,8,2,2,6,10,4.382,4.139,7.482,2.834,3.745,0.573,0.804,synthetic_demo
26.500282,80.414505,Kanpur,Civil Lines,Apartment,664.0,2966752,4468,1,1,15,1.0,8,4,4,1,7,0,8.385,8.244,10.671,7.148,7.633,0.537,0.448,synthetic_demo
26.474519,80.405694,Kanpur,Civil Lines,Independent House,913.0,4707428,5156,2,1,22,3.0,6,8,2,0,8,3,6.18,5.729,7.809,4.324,5.538,0.553,0.459,synthetic_demo
26.494132,80.212167,Kanpur,IIT Kanpur,Apartment,1488.0,4569648,3071,3,2,8,0.0,4,2,0,0,4,2,2.848,5.04,22.088,1.571,7.757,0.205,0.151,synthetic_demo
26.459193,80.353567,Kanpur,Gwaltoli,Apartment,1090.0,8231680,7552,2,1,20,2.0,13,17,4,1,14,19,0.8,0.689,8.295,0.019,0.141,0.832,0.767,synthetic_demo
26.398958,80.388599,Kanpur,Kidwai Nagar,Independent House,692.0,2778380,4015,2,1,26,2.0,3,4,2,1,4,5,7.335,5.082,2.225,3.366,6.947,0.426,0.403,synthetic_demo
26.41545,80.201272,Kanpur,Panki,Independent House,1220.0,4788500,3925,3,2,20,2.0,3,8,1,1,4,1,11.227,7.258,20.834,10.108,11.493,0.426,0.4,synthetic_demo
26.393842,80.271944,Kanpur,Barra,Builder Floor,1730.0,5451230,3151,4,3,10,1.0,1,3,2,0,0,3,9.583,7.374,13.81,9.906,7.277,0.306,0.152,synthetic_demo
26.390347,80.220272,Kanpur,Panki,Apartment,1103.0,3571514,3238,2,1,25,3.0,3,3,2,0,2,0,13.085,8.708,18.971,12.054,11.116,0.316,0.381,synthetic_demo
26.528737,80.356812,Kanpur,Swaroop Nagar,Independent House,1456.0,5655104,3884,3,2,21,4.0,3,5,1,1,2,2,6.421,8.34,14.808,7.022,5.855,0.323,0.533,synthetic_demo
26.504178,80.424495,Kanpur,Civil Lines,Apartment,1231.0,5949423,4833,3,2,0,3.0,4,3,2,1,4,3,9.439,9.295,11.187,8.079,8.712,0.384,0.489,synthetic_demo
26.537539,80.293097,Kanpur,Vikas Nagar,Builder Floor,1892.0,7965320,4210,4,3,3,0.0,5,3,1,1,6,2,4.629,9.234,18.836,5.728,4.603,0.349,0.315,synthetic_demo
26.384146,80.333592,Kanpur,Barra,Plot,828.0,3016404,3643,0,0,0,1.0,2,7,1,0,3,2,7.899,6.394,7.946,7.985,6.186,0.393,0.189,synthetic_demo
26.474329,80.273679,Kanpur,Kakadeo,Independent House,1175.0,6964225,5927,3,2,11,6.0,2,6,4,1,4,5,2.906,2.622,15.651,1.498,2.825,0.566,0.647,synthetic_demo
26.545719,80.368845,Kanpur,Civil Lines,Independent House,1083.0,4285431,3957,2,1,10,0.0,5,2,0,1,3,4,8.653,10.373,16.242,9.223,8.02,0.205,0.297,synthetic_demo
26.451881,80.344547,Kanpur,Kanpur Central Station,Builder Floor,1250.0,9503750,7603,3,2,0,4.0,13,12,3,1,15,11,0.417,0.574,8.395,1.113,1.031,0.752,0.766,synthetic_demo
26.427806,80.246569,Kanpur,Panki,Independent House,1494.0,6993414,4681,3,2,0,1.0,4,2,2,0,6,2,8.43,4.039,16.492,7.26,6.783,0.387,0.249,synthetic_demo
26.470066,80.215264,Kanpur,Panki,Independent House,726.0,2906904,4004,2,1,25,0.0,4,3,1,0,3,2,5.014,3.523,20.728,3.959,7.98,0.288,0.15,synthetic_demo
26.545947,80.265108,Kanpur,Kalyanpur,Apartment,718.0,2673832,3724,2,1,9,0.0,2,3,1,0,3,4,4.888,9.235,21.354,5.632,6.053,0.309,0.087,synthetic_demo
26.538683,80.235462,Kanpur,IIT Kanpur,Apartment,844.0,2858628,3387,2,1,10,2.0,3,0,1,0,1,3,2.921,8.429,22.915,3.854,7.195,0.161,0.306,synthetic_demo
26.452851,80.416638,Kanpur,Gwaltoli,Apartment,973.0,3958164,4068,2,1,9,1.0,2,5,0,2,6,3,6.834,5.462,5.427,3.019,6.144,0.346,0.399,synthetic_demo
26.518878,80.319092,Kanpur,Vikas Nagar,Independent House,1039.0,4727450,4550,2,1,19,0.0,9,7,2,0,4,3,3.854,7.835,15.624,4.692,2.943,0.475,0.359,synthetic_demo
26.43586,80.225771,Kanpur,Panki,Apartment,1386.0,4202352,3032,3,2,24,0.0,3,3,2,0,0,6,8.281,3.951,18.686,7.144,8.54,0.336,0.115,synthetic_demo
26.509734,80.265453,Kanpur,Kalyanpur,Builder Floor,811.0,3687617,4547,2,1,29,1.0,2,5,0,0,8,6,0.872,5.313,18.562,1.889,2.878,0.411,0.25,synthetic_demo
26.42686,80.341274,Kanpur,Kidwai Nagar,Builder Floor,1684.0,9016136,5354,4,3,18,3.0,5,7,2,1,11,14,3.091,2.33,7.295,3.705,1.837,0.639,0.588,synthetic_demo
26.490135,80.220887,Kanpur,IIT Kanpur,Builder Floor,742.0,2467150,3325,2,1,28,0.0,4,2,0,0,5,2,2.732,4.104,21.113,1.684,6.916,0.229,0.153,synthetic_demo
26.547263,80.324148,Kanpur,Vikas Nagar,Builder Floor,1275.0,4741725,3719,3,2,21,0.0,3,5,2,0,4,2,6.636,10.68,18.043,7.81,6.013,0.423,0.123,synthetic_demo
26.417522,80.298739,Kanpur,Barra,Independent House,977.0,4265582,4366,2,1,25,3.0,1,5,1,0,6,2,6.112,3.625,11.186,6.523,3.762,0.4,0.362,synthetic_demo
26.397528,80.222987,Kanpur,Panki,Apartment,1040.0,4066400,3910,2,1,5,2.0,4,2,1,0,2,4,12.313,7.866,18.652,11.216,10.437,0.259,0.33,synthetic_demo
26.410569,80.369914,Kanpur,Kidwai Nagar,Builder Floor,1473.0,8474169,5753,3,2,7,0.0,3,8,2,1,6,4,5.299,3.216,4.061,3.497,5.027,0.532,0.253,synthetic_demo
26.424742,80.313891,Kanpur,Barra,Apartment,903.0,4362393,4831,2,1,4,1.0,5,5,1,1,6,6,4.703,2.069,9.844,5.182,2.329,0.434,0.45,synthetic_demo
26.53613,80.343642,Kanpur,Swaroop Nagar,Apartment,903.0,3467520,3840,2,1,13,1.0,3,4,2,1,1,4,6.698,9.153,16.072,7.329,5.894,0.362,0.331,synthetic_demo
26.478073,80.259825,Kanpur,Panki,Independent House,1805.0,9111640,5048,4,3,4,2.0,2,2,2,1,4,3,2.693,1.845,17.058,1.589,3.601,0.359,0.408,synthetic_demo
26.4262,80.316098,Kanpur,Barra,Builder Floor,1325.0,6937700,5236,3,2,20,1.0,5,5,1,2,6,8,4.432,1.824,9.67,4.938,2.061,0.451,0.538,synthetic_demo
26.549747,80.365814,Kanpur,Swaroop Nagar,Apartment,631.0,1980078,3138,1,1,17,0.0,5,1,0,1,4,3,8.907,10.765,16.752,9.512,8.339,0.185,0.297,synthetic_demo
26.530819,80.418814,Kanpur,Civil Lines,Apartment,981.0,3037176,3096,2,1,17,2.0,1,6,0,0,0,3,10.945,10.961,14.084,10.137,9.784,0.248,0.245,synthetic_demo
26.542733,80.329539,Kanpur,Vikas Nagar,Apartment,1198.0,4702150,3925,3,2,10,0.0,4,7,2,1,1,4,6.518,10.071,17.347,7.526,5.759,0.434,0.276,synthetic_demo
26.47691,80.243241,Kanpur,Panki,Apartment,1255.0,5582240,4448,3,2,17,2.0,4,2,2,1,6,1,3.472,1.585,18.466,2.283,5.115,0.378,0.434,synthetic_demo
26.544035,80.360164,Kanpur,Swaroop Nagar,Apartment,641.0,2253115,3515,1,1,8,1.0,5,2,1,1,4,2,8.092,10.064,16.303,8.72,7.547,0.281,0.377,synthetic_demo
26.439278,80.403308,Kanpur,Gwaltoli,Plot,1052.0,4647736,4418,0,0,0,4.0,4,4,0,2,8,5,5.745,3.914,3.937,1.025,5.083,0.378,0.617,synthetic_demo
26.476295,80.216393,Kanpur,Panki,Apartment,2251.0,8517784,3784,5,4,22,1.0,4,2,2,0,2,2,4.325,3.614,20.877,3.274,7.651,0.309,0.247,synthetic_demo
26.397985,80.363666,Kanpur,Kidwai Nagar,Builder Floor,572.0,3248960,5680,1,1,0,0.0,3,7,2,2,5,4,6.421,4.561,4.679,4.99,5.731,0.498,0.352,synthetic_demo
26.541764,80.248422,Kanpur,IIT Kanpur,Apartment,1078.0,3291134,3053,2,1,25,0.0,4,2,1,1,1,2,3.631,8.648,22.187,4.622,6.538,0.213,0.272,synthetic_demo
26.423346,80.207495,Kanpur,Panki,Independent House,1107.0,5105484,4612,2,1,3,1.0,3,6,1,0,3,4,10.22,6.192,20.286,9.073,10.635,0.387,0.214,synthetic_demo
26.406905,80.424607,Kanpur,Juhi,Apartment,734.0,3102618,4227,2,1,5,4.0,4,4,2,0,3,4,9.252,7.011,1.471,0.394,8.676,0.4,0.474,synthetic_demo
26.421804,80.412625,Kanpur,Juhi,Apartment,760.0,3575040,4704,2,1,10,3.0,6,10,1,0,3,4,7.363,5.206,1.951,0.108,6.758,0.478,0.455,synthetic_demo
26.385997,80.234736,Kanpur,Barra,Independent House,1493.0,5967521,3997,3,2,11,1.0,2,3,3,0,0,5,12.424,8.806,17.586,12.006,10.316,0.39,0.182,synthetic_demo
26.537636,80.369546,Kanpur,Civil Lines,Independent House,876.0,4194288,4788,2,1,7,1.0,7,4,0,2,4,4,7.921,9.505,15.355,8.452,7.221,0.288,0.506,synthetic_demo
26.436046,80.392791,Kanpur,Juhi,Apartment,729.0,3811212,5228,2,1,5,1.0,5,8,1,0,9,7,4.886,2.885,3.918,0.122,4.258,0.548,0.299,synthetic_demo
26.455902,80.362406,Kanpur,Gwaltoli,Apartment,1080.0,6613920,6124,2,1,24,4.0,14,17,1,1,13,14,1.45,1.273,7.44,0.131,0.767,0.748,0.788,synthetic_demo
26.495897,80.418021,Kanpur,Civil Lines,Independent House,1089.0,5122656,4704,2,1,24,3.0,7,4,3,0,7,2,8.383,8.235,10.205,6.96,7.713,0.503,0.475,synthetic_demo
26.462508,80.25742,Kanpur,Panki,Apartment,881.0,4619964,5244,2,1,10,1.0,2,4,5,1,7,1,4.44,0.757,16.518,3.286,4.901,0.587,0.311,synthetic_demo
26.45788,80.35123,Kanpur,Kanpur Central Station,Plot,1787.0,12785985,7155,0,0,0,2.0,11,15,4,1,11,16,0.538,0.454,8.35,0.217,0.133,0.792,0.748,synthetic_demo
26.441448,80.239238,Kanpur,Panki,Builder Floor,1361.0,5480747,4027,3,2,3,0.0,4,1,2,0,2,6,7.17,2.727,17.506,6.099,7.116,0.323,0.152,synthetic_demo
26.407927,80.395159,Kanpur,Juhi,Independent House,1229.0,5443241,4429,3,2,1,2.0,4,5,2,0,3,5,6.95,4.644,1.539,2.185,6.48,0.432,0.335,synthetic_demo
26.402409,80.271297,Kanpur,Barra,Builder Floor,1426.0,4931108,3458,3,2,5,0.0,2,3,2,0,4,4,8.786,6.779,13.826,9.039,6.525,0.393,0.084,synthetic_demo
26.536317,80.233309,Kanpur,IIT Kanpur,Independent House,1771.0,6023171,3401,4,3,2,2.0,3,0,1,1,1,2,2.64,8.211,22.909,3.535,7.194,0.148,0.402,synthetic_demo
26.471052,80.415118,Kanpur,Gwaltoli,Builder Floor,1949.0,9782031,5019,4,3,0,3.0,5,8,1,0,8,8,6.945,6.213,7.428,4.563,6.28,0.542,0.434,synthetic_demo
26.517621,80.211793,Kanpur,IIT Kanpur,Plot,1638.0,5199012,3174,0,0,0,2.0,3,2,0,0,1,2,2.087,7.072,23.413,0.861,8.149,0.131,0.304,synthetic_demo
26.53222,80.341576,Kanpur,Swaroop Nagar,Apartment,1410.0,5074590,3599,3,2,16,1.0,4,5,2,2,0,6,6.225,8.736,15.765,6.852,5.421,0.387,0.449,synthetic_demo
26.404079,80.378194,Kanpur,Kidwai Nagar,Apartment,1200.0,5413200,4511,3,2,11,3.0,3,7,3,0,3,4,6.313,4.132,3.178,3.594,5.985,0.518,0.388,synthetic_demo
26.52901,80.377145,Kanpur,Civil Lines,Apartment,1023.0,4794801,4687,2,1,7,2.0,6,7,0,0,5,8,7.621,8.773,14.239,7.953,6.745,0.423,0.385,synthetic_demo
26.499666,80.359228,Kanpur,Civil Lines,Apartment,1607.0,8783862,5466,4,3,20,5.0,11,9,2,2,8,9,4.091,5.164,11.742,4.252,3.067,0.607,0.758,synthetic_demo
26.499761,80.274224,Kanpur,Kalyanpur,Independent House,1026.0,5735340,5590,2,1,11,1.0,3,5,0,2,7,7,1.047,4.65,17.188,1.158,1.626,0.402,0.524,synthetic_demo
26.416511,80.202983,Kanpur,Panki,Independent House,829.0,3514131,4239,2,1,12,2.0,3,8,1,1,4,2,11.068,7.057,20.671,9.938,11.293,0.434,0.4,synthetic_demo
26.431969,80.265745,Kanpur,Panki,Apartment,804.0,3753876,4669,2,1,8,1.0,1,4,4,1,10,4,6.627,3.891,14.699,6.165,4.841,0.601,0.284,synthetic_demo
26.403553,80.421671,Kanpur,Juhi,Apartment,853.0,3564687,4179,2,1,14,3.0,3,3,2,0,4,3,9.235,6.965,1.156,0.867,8.678,0.384,0.382,synthetic_demo
26.507627,80.22563,Kanpur,IIT Kanpur,Apartment,695.0,3030895,4361,2,1,5,1.0,5,2,0,0,2,3,0.841,5.424,21.656,0.294,6.54,0.169,0.279,synthetic_demo
26.507037,80.345528,Kanpur,Swaroop Nagar,Builder Floor,816.0,4802160,5885,2,1,1,3.0,5,8,2,2,6,10,3.769,5.913,13.098,4.378,3.257,0.573,0.605,synthetic_demo
26.515068,80.378838,Kanpur,Civil Lines,Independent House,1788.0,7649064,4278,4,3,17,2.0,6,7,2,0,7,5,6.681,7.38,12.693,6.662,5.636,0.535,0.39,synthetic_demo
26.546637,80.418177,Kanpur,Civil Lines,Independent House,957.0,4363920,4560,2,1,4,2.0,1,8,0,0,6,5,11.932,12.345,15.837,11.576,10.872,0.437,0.245,synthetic_demo
26.49738,80.300687,Kanpur,Vikas Nagar,Independent House,884.0,5757492,6513,2,1,13,4.0,7,5,2,0,7,7,1.075,6.263,15.018,1.826,0.364,0.511,0.708,synthetic_demo
26.523445,80.31036,Kanpur,Vikas Nagar,Builder Floor,842.0,3650070,4335,2,1,3,1.0,8,4,1,2,4,1,3.663,8.662,16.547,4.863,3.1,0.326,0.558,synthetic_demo
26.495847,80.303307,Kanpur,Vikas Nagar,Apartment,767.0,4621175,6025,2,1,28,4.0,8,6,3,0,10,7,1.324,6.379,14.712,1.758,0.071,0.611,0.746,synthetic_demo
26.479022,80.298884,Kanpur,Kakadeo,Apartment,1112.0,8036424,7227,2,1,5,8.0,7,5,5,1,10,7,2.063,4.912,13.837,0.14,0.636,0.669,0.832,synthetic_demo
26.450462,80.23482,Kanpur,Panki,Apartment,855.0,3195990,3738,2,1,2,1.0,2,1,2,0,2,3,6.425,2.133,18.19,5.316,7.456,0.292,0.185,synthetic_demo
26.495542,80.261737,Kanpur,Kalyanpur,Builder Floor,1519.0,8030953,5287,3,2,3,1.0,2,5,0,2,4,7,0.753,3.697,17.913,0.289,2.816,0.346,0.447,synthetic_demo
26.444352,80.248248,Kanpur,Panki,Apartment,642.0,3396822,5291,1,1,2,1.0,3,1,4,0,7,7,6.599,2.192,16.718,5.486,6.187,0.53,0.221,synthetic_demo
26.459761,80.262269,Kanpur,Panki,Independent House,1306.0,7137290,5465,3,2,0,1.0,1,4,4,1,6,1,4.7,1.309,15.955,3.403,4.756,0.53,0.285,synthetic_demo
26.3884,80.276864,Kanpur,Barra,Builder Floor,1088.0,4250816,3907,2,1,25,1.0,1,6,2,1,0,5,9.915,7.5,13.389,10.3,7.57,0.402,0.269,synthetic_demo
26.547241,80.377978,Kanpur,Civil Lines,Apartment,1112.0,3181432,2861,2,1,26,0.0,5,2,0,0,2,3,9.275,10.74,16.202,9.781,8.539,0.169,0.183,synthetic_demo
26.434576,80.271192,Kanpur,Govind Nagar,Independent House,529.0,2926428,5532,1,1,13,1.0,2,5,3,1,11,3,6.026,3.893,14.234,5.707,4.228,0.583,0.32,synthetic_demo
26.469183,80.346539,Kanpur,Mall Road,Apartment,959.0,6496266,6774,2,1,29,5.0,13,21,4,2,8,16,1.695,1.719,9.589,0.678,0.056,0.821,0.864,synthetic_demo
26.492238,80.252931,Kanpur,Kalyanpur,Independent House,906.0,4108710,4535,2,1,22,3.0,4,3,1,0,3,3,1.547,3.153,18.445,0.358,3.717,0.299,0.435,synthetic_demo
26.465641,80.239649,Kanpur,Panki,Apartment,679.0,3268027,4813,2,1,18,2.0,3,2,2,2,4,4,4.714,1.046,18.287,3.575,6.037,0.369,0.489,synthetic_demo
26.455522,80.220776,Kanpur,Panki,Builder Floor,1180.0,4376620,3709,3,2,29,0.0,3,4,2,0,3,1,6.444,3.058,19.69,5.277,8.224,0.372,0.115,synthetic_demo
26.386645,80.361186,Kanpur,Kidwai Nagar,Builder Floor,1226.0,5053572,4122,3,2,4,0.0,4,6,2,0,2,5,7.604,5.828,5.257,6.152,6.669,0.437,0.154,synthetic_demo
26.453876,80.409984,Kanpur,Gwaltoli,Apartment,930.0,4091070,4399,2,1,20,1.0,3,5,0,2,7,6,6.171,4.868,5.501,2.723,5.48,0.393,0.426,synthetic_demo
26.443301,80.407799,Kanpur,Gwaltoli,Plot,752.0,3233600,4300,0,0,0,2.0,4,5,0,1,8,5,6.071,4.387,4.332,1.648,5.394,0.402,0.432,synthetic_demo
26.434861,80.407381,Kanpur,Juhi,Apartment,1806.0,7408212,4102,4,3,27,2.0,5,7,0,2,9,7,6.283,4.344,3.398,0.884,5.634,0.481,0.53,synthetic_demo
26.452624,80.407766,Kanpur,Gwaltoli,Independent House,1143.0,4134231,3617,3,2,25,1.0,4,3,0,2,6,6,5.952,4.613,5.367,2.482,5.261,0.323,0.45,synthetic_demo
26.457286,80.241381,Kanpur,Panki,Plot,920.0,3562240,3872,0,0,0,1.0,2,1,2,1,2,3,5.458,1.137,17.799,4.382,6.465,0.292,0.301,synthetic_demo
26.507636,80.244761,Kanpur,IIT Kanpur,Plot,781.0,3042776,3896,0,0,0,0.0,5,3,0,0,4,7,1.385,4.88,20.067,0.956,4.687,0.292,0.203,synthetic_demo
26.471244,80.204231,Kanpur,Panki,Plot,955.0,3071280,3216,0,0,0,1.0,2,2,1,1,1,1,5.365,4.626,21.804,4.219,8.974,0.201,0.296,synthetic_demo
26.515859,80.382635,Kanpur,Civil Lines,Independent House,646.0,3850160,5960,1,1,11,3.0,8,7,2,0,7,5,7.035,7.615,12.692,6.914,5.963,0.535,0.499,synthetic_demo
26.531023,80.279469,Kanpur,Kalyanpur,Apartment,1239.0,5336373,4307,3,2,2,0.0,4,5,0,2,5,4,3.575,8.009,19.166,4.581,4.012,0.336,0.394,synthetic_demo
26.470368,80.363168,Kanpur,Civil Lines,Builder Floor,1606.0,11050886,6881,4,3,10,3.0,16,21,1,2,10,17,2.365,2.255,8.697,1.556,1.563,0.776,0.779,synthetic_demo
26.464472,80.344402,Kanpur,Mall Road,Plot,943.0,6675497,7079,0,0,0,4.0,12,17,4,2,11,13,1.218,1.282,9.349,0.117,0.394,0.799,0.821,synthetic_demo
26.445183,80.279266,Kanpur,Govind Nagar,Independent House,776.0,4565984,5884,2,1,2,0.0,2,5,5,1,7,1,4.661,3.587,13.795,4.327,3.109,0.603,0.263,synthetic_demo
26.50385,80.227587,Kanpur,IIT Kanpur,Independent House,861.0,3610173,4193,2,1,5,2.0,5,2,0,0,3,3,1.067,4.961,21.27,0.03,6.278,0.193,0.362,synthetic_demo
26.490714,80.396985,Kanpur,Civil Lines,Plot,1119.0,4947099,4421,0,0,0,1.0,11,5,3,1,8,4,6.359,6.223,9.686,5.269,5.593,0.551,0.515,synthetic_demo
26.443293,80.21491,Kanpur,Panki,Apartment,1106.0,4233768,3828,2,1,9,1.0,2,5,2,0,1,2,7.892,4.184,19.912,6.748,9.486,0.369,0.182,synthetic_demo
26.489081,80.394924,Kanpur,Civil Lines,Apartment,1052.0,4492040,4270,2,1,12,1.0,10,5,3,1,5,4,6.085,5.949,9.537,5.002,5.326,0.508,0.497,synthetic_demo
26.491489,80.290279,Kanpur,Vikas Nagar,Plot,922.0,4639504,5032,0,0,0,4.0,7,2,2,2,6,6,0.502,5.041,15.365,0.855,0.32,0.423,0.787,synthetic_demo
26.529462,80.400814,Kanpur,Civil Lines,Apartment,735.0,2749635,3741,2,1,8,1.0,5,2,1,0,3,6,9.39,9.807,13.937,9.082,8.311,0.302,0.276,synthetic_demo
26.391266,80.285285,Kanpur,Barra,Independent House,1051.0,4178776,3976,2,1,18,2.0,1,7,1,1,0,8,9.307,6.741,12.517,9.711,6.946,0.393,0.353,synthetic_demo
26.425628,80.357465,Kanpur,Kidwai Nagar,Apartment,969.0,5301399,5471,2,1,4,3.0,3,10,4,1,14,10,3.293,1.623,5.749,2.872,3.147,0.746,0.505,synthetic_demo
26.469885,80.361767,Kanpur,Civil Lines,Plot,1303.0,8085115,6205,0,0,0,3.0,16,20,1,3,10,16,2.236,2.131,8.728,1.444,1.414,0.763,0.814,synthetic_demo
26.470262,80.250812,Kanpur,Panki,Apartment,1521.0,7904637,5197,3,2,0,3.0,2,3,3,0,5,5,3.765,0.701,17.469,2.71,4.832,0.475,0.371,synthetic_demo
26.47172,80.288177,Kanpur,Kakadeo,Builder Floor,1067.0,5948525,5575,2,1,15,2.0,3,4,4,1,6,7,2.706,3.896,14.262,1.267,1.967,0.57,0.489,synthetic_demo
26.435799,80.331776,Kanpur,Kidwai Nagar,Independent House,948.0,5800812,6119,2,1,26,2.0,8,8,1,0,13,7,2.589,0.966,8.545,3.277,0.497,0.599,0.629,synthetic_demo
26.44282,80.255754,Kanpur,Panki,Independent House,1335.0,5594985,4191,3,2,22,1.0,3,2,3,0,8,6,6.632,2.424,15.952,5.385,5.465,,0.226,synthetic_demo
26.417485,80.362364,Kanpur,Kidwai Nagar,Builder Floor,821.0,4774115,5815,2,1,20,3.0,3,7,3,1,10,9,4.305,2.398,4.972,3.317,4.075,0.638,0.488,synthetic_demo
26.459282,80.396808,Kanpur,Gwaltoli,Builder Floor,1066.0,5187156,4866,2,1,0,4.0,6,3,0,1,6,9,4.894,3.969,6.244,2.44,4.207,0.353,0.596,synthetic_demo
26.470649,80.255029,Kanpur,Panki,Apartment,1173.0,6615720,5640,3,2,2,3.0,2,2,3,0,5,4,3.599,0.893,17.107,2.524,4.472,0.446,0.375,synthetic_demo
26.382897,80.234017,Kanpur,Barra,Independent House,1054.0,4195974,3981,2,1,16,2.0,2,4,3,0,0,4,12.731,9.158,17.701,12.352,10.605,0.405,0.274,synthetic_demo
26.450472,80.259088,Kanpur,Panki,Independent House,1395.0,7118685,5103,3,2,19,0.0,1,4,4,1,6,4,5.75,1.755,15.886,4.476,5.075,0.551,0.19,synthetic_demo
26.456717,80.248097,Kanpur,Panki,Plot,934.0,4291730,4595,0,0,0,0.0,2,2,4,0,7,4,5.278,0.832,17.148,4.209,6.017,0.528,0.087,synthetic_demo
26.492462,80.232921,Kanpur,IIT Kanpur,Apartment,888.0,4091016,4607,2,1,1,1.0,7,2,1,0,4,4,2.241,3.592,20.175,1.026,5.7,0.302,0.339,synthetic_demo
26.491143,80.23221,Kanpur,IIT Kanpur,Builder Floor,767.0,2811055,3665,2,1,26,1.0,6,2,1,0,4,3,2.386,3.499,20.167,1.188,5.783,0.292,0.311,synthetic_demo
26.513778,80.417656,Kanpur,Civil Lines,Builder Floor,891.0,4364118,4898,2,1,17,0.0,2,2,2,2,4,4,9.604,9.476,12.186,8.541,8.668,0.369,0.317,synthetic_demo
26.511978,80.230351,Kanpur,IIT Kanpur,Independent House,1731.0,7616400,4400,4,3,27,2.0,5,2,0,1,3,6,0.178,5.682,21.524,0.909,6.199,0.229,0.451,synthetic_demo
26.434827,80.262612,Kanpur,Panki,Builder Floor,1468.0,6180280,4210,3,2,27,1.0,1,4,3,1,11,4,6.679,3.478,15.072,5.977,5.013,0.573,0.282,synthetic_demo
26.506038,80.319719,Kanpur,Vikas Nagar,Apartment,784.0,3430784,4376,2,1,13,1.0,7,7,0,0,11,5,3.161,6.515,14.446,3.382,1.802,0.496,0.44,synthetic_demo
26.430745,80.261374,Kanpur,Panki,Apartment,1171.0,5090337,4347,3,2,17,0.0,2,3,4,0,9,3,7.051,3.867,15.098,6.443,5.294,0.566,0.093,synthetic_demo
26.428789,80.317821,Kanpur,Barra,Plot,1388.0,6548584,4718,0,0,0,1.0,5,7,1,2,8,8,4.109,1.491,9.581,4.605,1.735,0.523,0.555,synthetic_demo
26.501837,80.302224,Kanpur,Vikas Nagar,Apartment,1357.0,7789180,5740,3,2,13,5.0,8,6,1,0,10,7,1.379,6.687,15.255,2.341,0.669,0.525,0.729,synthetic_demo
26.524918,80.37979,Kanpur,Civil Lines,Independent House,955.0,4865725,5095,2,1,21,2.0,5,7,1,0,6,6,7.475,8.432,13.736,7.673,6.528,0.478,0.361,synthetic_demo
26.484245,80.262117,Kanpur,Panki,Apartment,1109.0,5255551,4739,2,1,27,4.0,2,2,2,1,4,5,1.983,2.554,17.202,0.869,3.067,0.378,0.545,synthetic_demo
26.415426,80.334655,Kanpur,Kidwai Nagar,Builder Floor,963.0,4487580,4660,2,1,18,2.0,3,6,2,0,3,4,4.49,3.035,7.613,5.117,2.756,0.446,0.366,synthetic_demo
26.445338,80.298895,Kanpur,Govind Nagar,Apartment,1867.0,10300239,5517,4,3,5,1.0,5,8,2,1,7,6,3.282,2.546,11.973,3.633,1.221,0.56,0.521,synthetic_demo
26.523107,80.425444,Kanpur,Civil Lines,Plot,1025.0,3347650,3266,0,0,0,3.0,2,5,1,0,1,1,10.884,10.758,13.288,9.831,9.864,,0.357,synthetic_demo
26.471826,80.219206,Kanpur,Panki,Builder Floor,766.0,2956760,3860,2,1,20,1.0,4,3,2,0,3,2,4.709,3.186,20.432,3.641,7.544,0.356,0.247,synthetic_demo
26.507513,80.213945,Kanpur,IIT Kanpur,Independent House,1304.0,5506792,4223,3,2,0,2.0,5,2,0,0,1,1,1.883,6.024,22.645,0.121,7.683,0.118,0.358,synthetic_demo
26.386634,80.310334,Kanpur,Barra,Apartment,943.0,3129817,3319,2,1,14,1.0,2,5,0,0,3,3,8.377,6.196,10.131,9.088,6.218,0.285,0.189,synthetic_demo
26.421742,80.415789,Kanpur,Juhi,Builder Floor,1881.0,7736553,4113,4,3,15,3.0,5,9,1,1,3,3,7.643,5.502,2.01,0.305,7.032,0.448,0.511,synthetic_demo
26.398495,80.37854,Kanpur,Kidwai Nagar,Builder Floor,1277.0,7065641,5533,3,2,1,3.0,3,6,3,1,3,6,6.88,4.731,3.211,4.047,6.571,0.513,0.471,synthetic_demo
26.451446,80.203789,Kanpur,Panki,Independent House,794.0,3436432,4328,2,1,10,1.0,2,5,2,0,1,5,7.357,4.807,21.199,6.287,9.904,0.396,0.182,synthetic_demo
26.410268,80.363771,Kanpur,Kidwai Nagar,Apartment,1464.0,7609872,5198,3,2,4,2.0,4,8,2,1,8,5,5.11,3.195,4.66,3.882,4.706,0.566,0.438,synthetic_demo
26.545168,80.388247,Kanpur,Civil Lines,Apartment,1334.0,3759212,2818,3,2,17,0.0,4,3,0,0,5,1,9.703,10.835,15.803,10.048,8.845,0.248,0.149,synthetic_demo
26.532504,80.208428,Kanpur,IIT Kanpur,Independent House,2119.0,8448453,3987,5,4,10,2.0,2,1,1,0,3,3,3.225,8.668,24.615,2.493,9.072,0.24,0.275,synthetic_demo
26.526075,80.379421,Kanpur,Civil Lines,Apartment,1601.0,6525676,4076,4,3,6,2.0,5,7,0,0,5,7,7.539,8.539,13.87,7.77,6.609,0.414,0.361,synthetic_demo
26.444907,80.290741,Kanpur,Govind Nagar,Apartment,1023.0,5545683,5421,2,1,7,0.0,4,9,5,0,6,6,3.823,3.34,12.71,3.959,2.0,0.677,0.273,synthetic_demo
26.490393,80.360066,Kanpur,Civil Lines,Independent House,1057.0,7737240,7320,2,1,2,6.0,8,15,2,1,9,9,3.66,4.174,10.782,3.38,2.424,0.7,0.73,synthetic_demo
26.433274,80.209241,Kanpur,Panki,Independent House,1314.0,4327002,3293,3,2,26,0.0,3,7,1,0,1,1,9.107,5.305,20.258,7.983,10.213,0.346,0.114,synthetic_demo
26.466947,80.417194,Kanpur,Gwaltoli,Builder Floor,1275.0,5876475,4609,3,2,11,2.0,5,7,1,0,8,6,7.037,6.14,6.991,4.316,6.361,0.508,0.362,synthetic_demo
26.382548,80.21834,Kanpur,Panki,Plot,1959.0,7166022,3658,0,0,0,5.0,3,5,2,0,1,0,13.823,9.59,19.254,12.93,11.797,0.349,0.513,synthetic_demo
26.385218,80.29747,Kanpur,Barra,Apartment,1857.0,5240454,2822,4,3,24,0.0,2,5,0,0,0,6,9.155,6.742,11.419,9.817,6.871,0.252,0.083,synthetic_demo
26.44834,80.374635,Kanpur,Gwaltoli,Builder Floor,1112.0,5339824,4802,2,1,21,2.0,9,9,1,1,11,7,2.725,1.483,6.029,0.166,2.055,0.591,0.594,synthetic_demo
26.457556,80.282612,Kanpur,Kakadeo,Apartment,534.0,2955690,5535,1,1,24,5.0,2,8,5,1,5,5,3.692,3.325,14.003,2.929,2.854,0.648,0.601,synthetic_demo
26.399265,80.422973,Kanpur,Juhi,Builder Floor,742.0,3084494,4157,2,1,11,3.0,3,3,2,0,4,1,9.632,7.349,1.404,1.148,9.086,0.366,0.382,synthetic_demo
26.535944,80.31518,Kanpur,Vikas Nagar,Independent House,1367.0,5339502,3906,3,2,17,4.0,5,4,2,0,1,2,5.099,9.741,17.413,6.326,4.555,0.343,0.508,synthetic_demo
26.501352,80.289114,Kanpur,Vikas Nagar,Apartment,608.0,4141696,6812,1,1,3,2.0,6,5,1,0,7,7,0.602,5.693,16.165,1.838,0.598,0.459,0.586,synthetic_demo
26.546554,80.328708,Kanpur,Vikas Nagar,Independent House,1023.0,3722697,3639,2,1,24,0.0,3,5,2,0,2,2,6.814,10.503,17.762,7.894,6.107,0.387,0.122,synthetic_demo
26.46676,80.282305,Kanpur,Kakadeo,Plot,602.0,3486182,5791,0,0,0,4.0,2,6,4,0,5,4,3.34,3.23,14.491,1.985,2.769,0.573,0.48,synthetic_demo
26.432102,80.420806,Kanpur,Juhi,Independent House,818.0,3888772,4754,2,1,3,2.0,6,6,0,0,4,3,7.647,5.708,3.26,1.505,6.992,0.333,0.385,synthetic_demo
26.410527,80.413668,Kanpur,Juhi,Independent House,1451.0,6610756,4556,3,2,3,3.0,4,6,1,1,2,2,8.131,5.872,0.768,0.784,7.571,0.349,0.49,synthetic_demo
26.461911,80.3323,Kanpur,Arya Nagar,Independent House,1118.0,8604128,7696,2,1,26,7.0,13,11,4,3,12,11,1.769,1.952,10.045,0.689,0.215,0.745,0.903,synthetic_demo
26.404028,80.415771,Kanpur,Juhi,Apartment,1534.0,5855278,3817,3,2,5,2.0,4,3,2,1,4,2,8.742,6.458,0.566,1.202,8.2,0.375,0.425,synthetic_demo
26.412954,80.297623,Kanpur,Barra,Builder Floor,1714.0,7085676,4134,4,3,18,2.0,2,6,1,0,5,1,6.63,4.077,11.242,7.036,4.278,0.396,0.299,synthetic_demo
26.531383,80.426428,Kanpur,Civil Lines,Apartment,812.0,2919140,3595,2,1,14,2.0,1,7,0,1,1,1,11.617,11.498,14.213,10.63,10.437,0.277,0.35,synthetic_demo
26.445247,80.281332,Kanpur,Govind Nagar,Apartment,1478.0,6785498,4591,3,2,17,0.0,3,5,5,1,6,1,4.493,3.752,13.603,4.249,2.905,0.591,0.3,synthetic_demo
26.399629,80.205624,Kanpur,Panki,Independent House,1203.0,4459521,3707,3,2,8,0.0,3,5,1,0,2,5,12.781,8.412,20.372,11.598,11.804,0.353,0.113,synthetic_demo
26.450337,80.421676,Kanpur,Gwaltoli,Apartment,1703.0,6730256,3952,4,3,9,2.0,4,4,0,2,5,2,7.346,5.879,5.236,3.11,6.658,0.288,0.507,synthetic_demo
26.525951,80.402759,Kanpur,Civil Lines,Apartment,1721.0,5746419,3339,4,3,20,2.0,5,1,1,0,3,3,9.315,9.581,13.536,8.829,8.197,0.24,0.358,synthetic_demo
26.436063,80.385243,Kanpur,Juhi,Plot,1393.0,6009402,4314,0,0,0,2.0,6,8,1,0,8,10,4.21,2.14,4.304,0.317,3.608,0.555,0.414,synthetic_demo
26.52255,80.402116,Kanpur,Civil Lines,Independent House,889.0,3176397,3573,2,1,15,2.0,6,2,1,0,4,2,9.051,9.231,13.162,8.47,7.908,0.281,0.383,synthetic_demo
26.459215,80.215097,Kanpur,Panki,Builder Floor,1327.0,4615306,3478,3,2,6,1.0,2,4,1,0,3,1,6.17,3.515,20.351,5.09,8.501,0.306,0.183,synthetic_demo
26.386372,80.356988,Kanpur,Kidwai Nagar,Apartment,771.0,2461803,3193,2,1,19,0.0,3,5,2,0,1,3,7.573,5.893,5.657,6.421,6.512,0.378,0.12,synthetic_demo
26.435015,80.201215,Kanpur,Panki,Independent House,815.0,3782415,4641,2,1,0,0.0,3,6,1,1,2,2,9.155,5.829,21.078,8.08,10.97,0.349,0.237,synthetic_demo
26.541417,80.308189,Kanpur,Vikas Nagar,Builder Floor,615.0,2483985,4039,1,1,17,2.0,4,3,1,0,4,1,5.365,10.375,18.304,6.652,5.039,0.299,0.344,synthetic_demo
26.501235,80.202084,Kanpur,IIT Kanpur,Apartment,870.0,3238140,3722,2,1,9,1.0,3,3,0,0,2,3,3.234,6.315,23.341,1.249,8.778,0.201,0.215,synthetic_demo
26.525771,80.409824,Kanpur,Civil Lines,Independent House,930.0,3360090,3613,2,1,22,3.0,3,1,1,0,1,1,9.889,9.969,13.496,9.173,8.733,0.169,0.382,synthetic_demo
26.459482,80.293917,Kanpur,Kakadeo,Independent House,1960.0,11054400,5640,4,3,17,4.0,6,9,5,0,5,6,2.578,3.632,13.09,2.338,1.844,0.667,0.592,synthetic_demo
26.425004,80.300553,Kanpur,Barra,Apartment,1071.0,4873050,4550,2,1,3,2.0,4,4,1,1,6,4,5.264,2.935,11.147,5.684,2.92,0.393,0.47,synthetic_demo
26.523618,80.283318,Kanpur,Vikas Nagar,Apartment,1361.0,5588266,4106,3,2,23,0.0,4,6,0,3,8,7,3.078,7.412,18.303,3.946,3.125,0.443,0.496,synthetic_demo
26.49933,80.320692,Kanpur,Swaroop Nagar,Independent House,856.0,6271912,7327,2,1,0,2.0,9,8,2,1,12,12,2.43,5.814,13.808,2.72,1.247,0.654,0.636,synthetic_demo
26.383994,80.419098,Kanpur,Juhi,Independent House,1089.0,4899411,4499,2,1,20,1.0,3,5,2,0,7,2,10.523,8.217,2.44,2.694,10.039,0.473,0.214,synthetic_demo
26.395485,80.30543,Kanpur,Barra,Builder Floor,786.0,3019812,3842,2,1,26,1.0,2,6,0,0,3,6,7.766,5.388,10.472,8.443,5.498,0.343,0.194,synthetic_demo
26.5434,80.395165,Kanpur,Civil Lines,Apartment,810.0,3086910,3811,2,1,6,2.0,4,4,0,0,5,3,10.012,10.918,15.527,10.192,9.081,0.299,0.331,synthetic_demo
26.410861,80.385057,Kanpur,Juhi,Apartment,1736.0,8199128,4723,4,3,3,1.0,3,6,2,0,3,6,6.052,3.767,2.595,2.58,5.633,0.462,0.224,synthetic_demo
26.484214,80.317625,Kanpur,Rawatpur,Apartment,945.0,6255900,6620,2,1,4,1.0,7,6,4,2,17,7,1.083,4.642,12.788,1.046,0.303,0.715,0.696,synthetic_demo
26.424966,80.347458,Kanpur,Kidwai Nagar,Apartment,747.0,4240719,5677,2,1,16,1.0,4,9,3,1,12,13,3.229,2.269,6.644,3.515,2.407,0.703,0.423,synthetic_demo
26.43791,80.298532,Kanpur,Govind Nagar,Apartment,1096.0,5686048,5188,2,1,19,2.0,4,6,2,2,7,7,4.014,2.559,11.718,4.416,1.759,0.53,0.588,synthetic_demo
26.51381,80.315708,Kanpur,Vikas Nagar,Independent House,1582.0,6756722,4271,4,3,27,0.0,9,7,1,0,7,4,3.235,7.466,15.372,4.049,2.289,0.478,0.388,synthetic_demo
26.535261,80.214495,Kanpur,IIT Kanpur,Builder Floor,953.0,3743384,3928,2,1,8,2.0,3,0,2,2,4,3,3.063,8.676,24.307,2.829,8.683,0.306,0.484,synthetic_demo
26.546601,80.425559,Kanpur,Civil Lines,Apartment,1173.0,4453881,3797,3,2,8,2.0,1,9,0,0,3,3,12.503,12.762,15.887,11.957,11.408,0.39,0.244,synthetic_demo
26.482727,80.342155,Kanpur,Swaroop Nagar,Plot,1052.0,6136316,5833,0,0,0,4.0,12,16,4,0,11,14,1.692,3.284,11.028,1.807,0.565,0.794,0.746,synthetic_demo
26.507059,80.303318,Kanpur,Vikas Nagar,Plot,1876.0,8697136,4636,0,0,0,2.0,9,7,0,1,9,4,1.808,7.147,15.598,2.921,1.225,0.457,0.638,synthetic_demo
26.535884,80.263665,Kanpur,Kalyanpur,Independent House,667.0,2353176,3528,1,1,19,0.0,2,3,1,1,5,1,3.768,8.108,20.645,4.539,5.131,0.32,0.221,synthetic_demo
26.505595,80.408267,Kanpur,Civil Lines,Independent House,1194.0,6181338,5177,3,2,2,2.0,7,2,4,1,8,2,8.3,8.172,11.254,7.26,7.401,0.528,0.49,synthetic_demo
26.427395,80.277446,Kanpur,Barra,Builder Floor,939.0,5176707,5513,2,1,9,1.0,3,5,4,0,11,2,6.16,4.876,13.456,6.235,4.096,0.617,0.244,synthetic_demo
26.431772,80.271647,Kanpur,Govind Nagar,Apartment,1784.0,7423224,4161,4,3,13,1.0,3,5,4,0,10,3,6.201,4.182,14.12,5.982,4.322,0.611,0.239,synthetic_demo
26.409008,80.362538,Kanpur,Kidwai Nagar,Apartment,465.0,2860680,6152,1,1,2,1.0,4,7,2,3,8,4,5.208,3.338,4.764,4.067,4.719,0.542,0.53,synthetic_demo
26.454423,80.384991,Kanpur,Gwaltoli,Apartment,656.0,3939936,6006,1,1,17,4.0,6,7,1,2,12,10,3.683,2.703,6.098,1.315,2.989,0.589,0.668,synthetic_demo
26.546075,80.230676,Kanpur,IIT Kanpur,Plot,911.0,2611837,2867,0,0,0,0.0,2,0,1,1,2,1,3.725,9.327,23.814,4.455,8.097,0.161,0.208,synthetic_demo
26.415696,80.40517,Kanpur,Juhi,Builder Floor,1532.0,7024220,4585,3,2,16,2.0,3,9,1,1,3,4,7.109,4.85,1.349,0.886,6.554,0.457,0.404,synthetic_demo
26.409129,80.398419,Kanpur,Juhi,Plot,1287.0,5392530,4190,0,0,0,2.0,4,6,2,1,2,2,7.078,4.773,1.277,1.875,6.585,0.411,0.427,synthetic_demo
26.498757,80.313582,Kanpur,Vikas Nagar,Builder Floor,1683.0,9446679,5613,4,3,1,4.0,9,7,2,1,13,10,2.367,6.145,14.227,2.415,0.793,0.639,0.739,synthetic_demo
26.451053,80.316056,Kanpur,Govind Nagar,Apartment,1757.0,11179791,6363,4,3,10,3.0,8,16,4,1,9,11,2.109,1.369,10.705,2.447,0.541,0.771,0.713,synthetic_demo
26.501877,80.351956,Kanpur,Swaroop Nagar,Apartment,778.0,4446270,5715,2,1,11,5.0,8,9,1,1,10,6,3.704,5.328,12.288,4.136,2.896,0.573,0.686,synthetic_demo
26.437404,80.34766,Kanpur,Juhi,Builder Floor,634.0,3795758,5987,1,1,1,2.0,10,9,2,2,14,10,1.846,1.637,7.22,2.387,1.772,0.677,0.675,synthetic_demo
26.383288,80.328945,Kanpur,Barra,Apartment,773.0,3654744,4728,2,1,10,2.0,2,5,1,1,3,2,8.089,6.436,8.417,8.333,6.272,0.343,0.381,synthetic_demo
26.38117,80.271463,Kanpur,Barra,Apartment,2189.0,7538916,3444,5,4,15,1.0,1,5,1,1,1,5,10.869,8.464,14.048,11.237,8.526,0.333,0.268,synthetic_demo
26.490683,80.277161,Kanpur,Vikas Nagar,Independent House,797.0,4675202,5866,2,1,14,4.0,3,2,1,2,4,7,1.408,4.014,16.347,0.318,1.408,0.333,0.678,synthetic_demo
26.533548,80.339105,Kanpur,Swaroop Nagar,Plot,1072.0,4035008,3764,0,0,0,2.0,4,5,2,2,0,4,6.313,8.909,16.005,6.904,5.402,0.369,0.511,synthetic_demo
26.413149,80.406388,Kanpur,Juhi,Apartment,750.0,3370500,4494,2,1,13,2.0,3,8,1,1,4,4,7.378,5.107,1.041,1.025,6.83,0.451,0.403,synthetic_demo
26.496515,80.289971,Kanpur,Vikas Nagar,Apartment,1031.0,5609671,5441,2,1,9,5.0,6,3,1,2,7,6,0.057,5.376,15.746,1.366,0.057,0.405,0.821,synthetic_demo
26.438142,80.206622,Kanpur,Panki,Apartment,823.0,3524909,4283,2,1,4,0.0,2,7,1,1,1,1,8.656,5.188,20.607,7.569,10.388,0.346,0.206,synthetic_demo
26.457209,80.409412,Kanpur,Gwaltoli,Builder Floor,1957.0,8062840,4120,4,3,19,1.0,5,6,0,1,5,4,6.124,4.954,5.872,2.989,5.434,0.362,0.385,synthetic_demo
26.527063,80.428789,Kanpur,Civil Lines,Independent House,1475.0,5892625,3995,3,2,3,2.0,1,4,0,1,2,3,11.43,11.305,13.766,10.381,10.375,0.233,0.35,synthetic_demo
26.401944,80.382377,Kanpur,Kidwai Nagar,Independent House,1719.0,8541711,4969,4,3,18,3.0,3,6,2,1,5,5,6.725,4.509,2.775,3.509,6.37,0.486,0.472,synthetic_demo
26.404051,80.355703,Kanpur,Kidwai Nagar,Apartment,1626.0,8060082,4957,4,3,10,1.0,2,8,2,2,6,2,5.607,3.973,5.418,4.91,4.729,0.518,0.409,synthetic_demo
26.518431,80.309774,Kanpur,Vikas Nagar,Apartment,1124.0,5718912,5088,2,1,7,2.0,10,5,1,2,5,1,3.177,8.197,16.14,4.323,2.546,0.372,0.65,synthetic_demo
26.418441,80.250366,Kanpur,Panki,Plot,928.0,3570944,3848,0,0,0,0.0,3,3,2,0,7,3,8.768,5.066,15.984,8.1,6.894,0.437,0.118,synthetic_demo
26.538946,80.267581,Kanpur,Kalyanpur,Apartment,1369.0,4987267,3643,3,2,10,0.0,2,3,1,1,4,2,4.124,8.515,20.617,4.992,5.247,0.309,0.22,synthetic_demo
26.390445,80.344333,Kanpur,Barra,Builder Floor,1219.0,4629762,3798,3,2,16,0.0,1,7,1,0,0,2,7.076,5.743,6.732,6.794,5.663,0.336,0.052,synthetic_demo
26.473537,80.417324,Kanpur,Gwaltoli,Builder Floor,1330.0,5435710,4087,3,2,28,2.0,5,7,1,0,9,8,7.235,6.552,7.721,4.914,6.575,0.537,0.361,synthetic_demo
26.542382,80.213785,Kanpur,IIT Kanpur,Builder Floor,1463.0,5158538,3526,3,2,21,1.0,3,0,2,2,4,3,3.775,9.431,24.844,3.6,9.16,0.306,0.418,synthetic_demo
26.517137,80.247414,Kanpur,IIT Kanpur,Builder Floor,601.0,2455686,4086,1,1,27,1.0,3,3,1,0,4,3,1.615,5.914,20.48,2.033,4.843,0.32,0.232,synthetic_demo
26.389017,80.311129,Kanpur,Barra,Apartment,1111.0,3920719,3529,2,1,11,1.0,2,5,0,0,3,3,8.105,5.921,10.005,8.818,5.943,0.285,0.191,synthetic_demo
26.538944,80.328895,Kanpur,Vikas Nagar,Apartment,842.0,4039916,4798,2,1,4,1.0,3,5,2,1,1,5,6.146,9.672,17.005,7.111,5.357,0.396,0.334,synthetic_demo
26.416723,80.344221,Kanpur,Kidwai Nagar,Independent House,693.0,3476088,5016,2,1,4,1.0,4,9,2,0,6,7,4.162,3.165,6.702,4.443,2.938,0.57,0.306,synthetic_demo
26.521779,80.307119,Kanpur,Vikas Nagar,Independent House,2424.0,8925168,3682,5,4,29,2.0,8,5,1,2,5,1,3.334,8.578,16.596,4.578,2.867,0.372,0.613,synthetic_demo
26.421434,80.427881,Kanpur,Juhi,Apartment,923.0,4123964,4468,2,1,5,2.0,5,9,0,1,7,4,8.739,6.654,2.593,1.049,8.109,0.467,0.447,synthetic_demo
26.468591,80.391698,Kanpur,Gwaltoli,Independent House,1168.0,7025520,6015,3,2,15,6.0,8,7,2,1,4,8,4.643,4.293,7.369,2.977,3.997,0.513,0.708,synthetic_demo
26.400044,80.41303,Kanpur,Juhi,Builder Floor,918.0,3621510,3945,2,1,28,2.0,4,5,2,0,4,5,8.828,6.527,0.565,1.716,8.311,0.448,0.331,synthetic_demo
26.469546,80.423732,Kanpur,Gwaltoli,Builder Floor,867.0,3855549,4447,2,1,20,2.0,2,9,0,0,8,6,7.734,6.848,7.37,4.93,7.062,0.498,0.278,synthetic_demo
26.47762,80.358482,Kanpur,Civil Lines,Apartment,1397.0,9126601,6533,3,2,7,5.0,12,19,1,1,10,21,2.826,2.765,9.628,2.053,1.557,0.771,0.764,synthetic_demo
26.444813,80.222443,Kanpur,Panki,Independent House,941.0,3111887,3307,2,1,23,1.0,1,3,2,0,1,3,7.586,3.475,19.219,6.33,8.746,0.326,0.149,synthetic_demo
26.519202,80.260517,Kanpur,Kalyanpur,Builder Floor,1788.0,7198488,4026,4,3,25,1.0,2,4,1,0,4,5,1.944,6.227,19.613,2.7,3.899,0.366,0.217,synthetic_demo
26.494451,80.429568,Kanpur,Civil Lines,Builder Floor,1904.0,8192912,4303,4,3,11,3.0,4,5,1,0,6,5,9.282,8.979,10.199,7.503,8.657,0.426,0.407,synthetic_demo
26.486967,80.29365,Kanpur,Kakadeo,Builder Floor,990.0,6095430,6157,2,1,29,4.0,8,3,4,1,9,7,1.068,5.04,14.789,0.503,0.417,0.591,0.754,synthetic_demo
26.490935,80.296106,Kanpur,Vikas Nagar,Independent House,2446.0,15500302,6337,5,4,22,4.0,8,1,4,1,8,8,0.829,5.48,14.879,0.999,0.062,0.551,0.783,synthetic_demo
26.517754,80.24898,Kanpur,IIT Kanpur,Apartment,1056.0,3777312,3577,2,1,26,1.0,3,3,1,0,4,2,1.784,5.978,20.399,2.151,4.741,0.309,0.233,synthetic_demo
